0,131,com.pholser.junit.quickcheck.TimesTest:positiveTimes
1,131,com.pholser.junit.quickcheck.TimesTest:positiveTimes
2,131,com.pholser.junit.quickcheck.TimesTest:positiveTimes
3,131,com.pholser.junit.quickcheck.TimesTest:positiveTimes
4,131,com.pholser.junit.quickcheck.TimesTest:positiveTimes
5,131,com.pholser.junit.quickcheck.TimesTest:positiveTimes
10,134,com.pholser.junit.quickcheck.TimesTest:positiveTimes
11,134,com.pholser.junit.quickcheck.TimesTest:positiveTimes
12,134,com.pholser.junit.quickcheck.TimesTest:positiveTimes
0,131,com.pholser.junit.quickcheck.TimesTest:negativeTimes
1,131,com.pholser.junit.quickcheck.TimesTest:negativeTimes
2,131,com.pholser.junit.quickcheck.TimesTest:negativeTimes
3,131,com.pholser.junit.quickcheck.TimesTest:negativeTimes
4,131,com.pholser.junit.quickcheck.TimesTest:negativeTimes
5,131,com.pholser.junit.quickcheck.TimesTest:negativeTimes
6,132,com.pholser.junit.quickcheck.TimesTest:negativeTimes
7,132,com.pholser.junit.quickcheck.TimesTest:negativeTimes
8,132,com.pholser.junit.quickcheck.TimesTest:negativeTimes
9,132,com.pholser.junit.quickcheck.TimesTest:negativeTimes
10,134,com.pholser.junit.quickcheck.TimesTest:negativeTimes
11,134,com.pholser.junit.quickcheck.TimesTest:negativeTimes
12,134,com.pholser.junit.quickcheck.TimesTest:negativeTimes
0,131,com.pholser.junit.quickcheck.TimesTest:zeroTimes
1,131,com.pholser.junit.quickcheck.TimesTest:zeroTimes
2,131,com.pholser.junit.quickcheck.TimesTest:zeroTimes
3,131,com.pholser.junit.quickcheck.TimesTest:zeroTimes
4,131,com.pholser.junit.quickcheck.TimesTest:zeroTimes
5,131,com.pholser.junit.quickcheck.TimesTest:zeroTimes
6,132,com.pholser.junit.quickcheck.TimesTest:zeroTimes
7,132,com.pholser.junit.quickcheck.TimesTest:zeroTimes
8,132,com.pholser.junit.quickcheck.TimesTest:zeroTimes
9,132,com.pholser.junit.quickcheck.TimesTest:zeroTimes
10,134,com.pholser.junit.quickcheck.TimesTest:zeroTimes
11,134,com.pholser.junit.quickcheck.TimesTest:zeroTimes
12,134,com.pholser.junit.quickcheck.TimesTest:zeroTimes
0,131,com.pholser.junit.quickcheck.internal.WeightedTest:disallowZero
1,131,com.pholser.junit.quickcheck.internal.WeightedTest:disallowZero
2,131,com.pholser.junit.quickcheck.internal.WeightedTest:disallowZero
3,131,com.pholser.junit.quickcheck.internal.WeightedTest:disallowZero
4,131,com.pholser.junit.quickcheck.internal.WeightedTest:disallowZero
5,131,com.pholser.junit.quickcheck.internal.WeightedTest:disallowZero
10,134,com.pholser.junit.quickcheck.internal.WeightedTest:disallowZero
11,134,com.pholser.junit.quickcheck.internal.WeightedTest:disallowZero
12,134,com.pholser.junit.quickcheck.internal.WeightedTest:disallowZero
13,233,com.pholser.junit.quickcheck.generator.GenFrequencyTest:generatorThatPicksOtherGeneratorAtRandomWeighted
14,233,com.pholser.junit.quickcheck.generator.GenFrequencyTest:generatorThatPicksOtherGeneratorAtRandomWeighted
15,233,com.pholser.junit.quickcheck.generator.GenFrequencyTest:generatorThatPicksOtherGeneratorAtRandomWeighted
13,233,com.pholser.junit.quickcheck.UsualJUnitMachineryOnSubclassPropertyTest$Leaf:leafTest
14,233,com.pholser.junit.quickcheck.UsualJUnitMachineryOnSubclassPropertyTest$Leaf:leafTest
15,233,com.pholser.junit.quickcheck.UsualJUnitMachineryOnSubclassPropertyTest$Leaf:leafTest
