0,org.assertj.core.api.objectarray.ObjectArrayAssert_usingRecursiveFieldByFieldElementComparator_Test:failed_isIn_assertion_using_recursive_field_by_field_element_comparator
1,org.assertj.core.api.objectarray.ObjectArrayAssert_usingRecursiveFieldByFieldElementComparator_Test:failed_isIn_assertion_using_recursive_field_by_field_element_comparator
2,org.assertj.core.api.objectarray.ObjectArrayAssert_usingRecursiveFieldByFieldElementComparator_Test:failed_isIn_assertion_using_recursive_field_by_field_element_comparator
3,org.assertj.core.api.objectarray.ObjectArrayAssert_usingRecursiveFieldByFieldElementComparator_Test:failed_isIn_assertion_using_recursive_field_by_field_element_comparator
4,org.assertj.core.api.objectarray.ObjectArrayAssert_usingRecursiveFieldByFieldElementComparator_Test:failed_isIn_assertion_using_recursive_field_by_field_element_comparator
6,org.assertj.core.api.objectarray.ObjectArrayAssert_usingRecursiveFieldByFieldElementComparator_Test:failed_isIn_assertion_using_recursive_field_by_field_element_comparator
7,org.assertj.core.api.objectarray.ObjectArrayAssert_usingRecursiveFieldByFieldElementComparator_Test:failed_isIn_assertion_using_recursive_field_by_field_element_comparator
8,org.assertj.core.api.objectarray.ObjectArrayAssert_usingRecursiveFieldByFieldElementComparator_Test:failed_isIn_assertion_using_recursive_field_by_field_element_comparator
9,org.assertj.core.api.objectarray.ObjectArrayAssert_usingRecursiveFieldByFieldElementComparator_Test:failed_isIn_assertion_using_recursive_field_by_field_element_comparator
10,org.assertj.core.api.objectarray.ObjectArrayAssert_usingRecursiveFieldByFieldElementComparator_Test:failed_isIn_assertion_using_recursive_field_by_field_element_comparator
11,org.assertj.core.api.objectarray.ObjectArrayAssert_usingRecursiveFieldByFieldElementComparator_Test:failed_isIn_assertion_using_recursive_field_by_field_element_comparator
0,org.assertj.core.api.zoneddatetime.ZonedDateTimeAssert_isIn_errors_Test:test_isIn_assertion_error_message
1,org.assertj.core.api.zoneddatetime.ZonedDateTimeAssert_isIn_errors_Test:test_isIn_assertion_error_message
2,org.assertj.core.api.zoneddatetime.ZonedDateTimeAssert_isIn_errors_Test:test_isIn_assertion_error_message
3,org.assertj.core.api.zoneddatetime.ZonedDateTimeAssert_isIn_errors_Test:test_isIn_assertion_error_message
4,org.assertj.core.api.zoneddatetime.ZonedDateTimeAssert_isIn_errors_Test:test_isIn_assertion_error_message
6,org.assertj.core.api.zoneddatetime.ZonedDateTimeAssert_isIn_errors_Test:test_isIn_assertion_error_message
7,org.assertj.core.api.zoneddatetime.ZonedDateTimeAssert_isIn_errors_Test:test_isIn_assertion_error_message
8,org.assertj.core.api.zoneddatetime.ZonedDateTimeAssert_isIn_errors_Test:test_isIn_assertion_error_message
9,org.assertj.core.api.zoneddatetime.ZonedDateTimeAssert_isIn_errors_Test:test_isIn_assertion_error_message
10,org.assertj.core.api.zoneddatetime.ZonedDateTimeAssert_isIn_errors_Test:test_isIn_assertion_error_message
11,org.assertj.core.api.zoneddatetime.ZonedDateTimeAssert_isIn_errors_Test:test_isIn_assertion_error_message
0,org.assertj.core.api.iterable.IterableAssert_usingRecursiveFieldByFieldElementComparator_Test:failed_isIn_assertion_using_recursive_field_by_field_element_comparator
1,org.assertj.core.api.iterable.IterableAssert_usingRecursiveFieldByFieldElementComparator_Test:failed_isIn_assertion_using_recursive_field_by_field_element_comparator
2,org.assertj.core.api.iterable.IterableAssert_usingRecursiveFieldByFieldElementComparator_Test:failed_isIn_assertion_using_recursive_field_by_field_element_comparator
3,org.assertj.core.api.iterable.IterableAssert_usingRecursiveFieldByFieldElementComparator_Test:failed_isIn_assertion_using_recursive_field_by_field_element_comparator
4,org.assertj.core.api.iterable.IterableAssert_usingRecursiveFieldByFieldElementComparator_Test:failed_isIn_assertion_using_recursive_field_by_field_element_comparator
6,org.assertj.core.api.iterable.IterableAssert_usingRecursiveFieldByFieldElementComparator_Test:failed_isIn_assertion_using_recursive_field_by_field_element_comparator
7,org.assertj.core.api.iterable.IterableAssert_usingRecursiveFieldByFieldElementComparator_Test:failed_isIn_assertion_using_recursive_field_by_field_element_comparator
8,org.assertj.core.api.iterable.IterableAssert_usingRecursiveFieldByFieldElementComparator_Test:failed_isIn_assertion_using_recursive_field_by_field_element_comparator
9,org.assertj.core.api.iterable.IterableAssert_usingRecursiveFieldByFieldElementComparator_Test:failed_isIn_assertion_using_recursive_field_by_field_element_comparator
10,org.assertj.core.api.iterable.IterableAssert_usingRecursiveFieldByFieldElementComparator_Test:failed_isIn_assertion_using_recursive_field_by_field_element_comparator
11,org.assertj.core.api.iterable.IterableAssert_usingRecursiveFieldByFieldElementComparator_Test:failed_isIn_assertion_using_recursive_field_by_field_element_comparator
0,org.assertj.core.error.ShouldBeIn_create_Test:should_create_error_message
1,org.assertj.core.error.ShouldBeIn_create_Test:should_create_error_message
2,org.assertj.core.error.ShouldBeIn_create_Test:should_create_error_message
3,org.assertj.core.error.ShouldBeIn_create_Test:should_create_error_message
4,org.assertj.core.error.ShouldBeIn_create_Test:should_create_error_message
6,org.assertj.core.error.ShouldBeIn_create_Test:should_create_error_message
7,org.assertj.core.error.ShouldBeIn_create_Test:should_create_error_message
8,org.assertj.core.error.ShouldBeIn_create_Test:should_create_error_message
9,org.assertj.core.error.ShouldBeIn_create_Test:should_create_error_message
10,org.assertj.core.error.ShouldBeIn_create_Test:should_create_error_message
11,org.assertj.core.error.ShouldBeIn_create_Test:should_create_error_message
0,org.assertj.core.error.ShouldBeIn_create_Test:should_create_error_message_with_custom_comparison_strategy
1,org.assertj.core.error.ShouldBeIn_create_Test:should_create_error_message_with_custom_comparison_strategy
2,org.assertj.core.error.ShouldBeIn_create_Test:should_create_error_message_with_custom_comparison_strategy
3,org.assertj.core.error.ShouldBeIn_create_Test:should_create_error_message_with_custom_comparison_strategy
4,org.assertj.core.error.ShouldBeIn_create_Test:should_create_error_message_with_custom_comparison_strategy
6,org.assertj.core.error.ShouldBeIn_create_Test:should_create_error_message_with_custom_comparison_strategy
7,org.assertj.core.error.ShouldBeIn_create_Test:should_create_error_message_with_custom_comparison_strategy
8,org.assertj.core.error.ShouldBeIn_create_Test:should_create_error_message_with_custom_comparison_strategy
9,org.assertj.core.error.ShouldBeIn_create_Test:should_create_error_message_with_custom_comparison_strategy
10,org.assertj.core.error.ShouldBeIn_create_Test:should_create_error_message_with_custom_comparison_strategy
11,org.assertj.core.error.ShouldBeIn_create_Test:should_create_error_message_with_custom_comparison_strategy
0,org.assertj.core.api.localdatetime.LocalDateTimeAssert_isIn_Test:test_isIn_assertion_error_message
1,org.assertj.core.api.localdatetime.LocalDateTimeAssert_isIn_Test:test_isIn_assertion_error_message
2,org.assertj.core.api.localdatetime.LocalDateTimeAssert_isIn_Test:test_isIn_assertion_error_message
3,org.assertj.core.api.localdatetime.LocalDateTimeAssert_isIn_Test:test_isIn_assertion_error_message
4,org.assertj.core.api.localdatetime.LocalDateTimeAssert_isIn_Test:test_isIn_assertion_error_message
6,org.assertj.core.api.localdatetime.LocalDateTimeAssert_isIn_Test:test_isIn_assertion_error_message
7,org.assertj.core.api.localdatetime.LocalDateTimeAssert_isIn_Test:test_isIn_assertion_error_message
8,org.assertj.core.api.localdatetime.LocalDateTimeAssert_isIn_Test:test_isIn_assertion_error_message
9,org.assertj.core.api.localdatetime.LocalDateTimeAssert_isIn_Test:test_isIn_assertion_error_message
10,org.assertj.core.api.localdatetime.LocalDateTimeAssert_isIn_Test:test_isIn_assertion_error_message
11,org.assertj.core.api.localdatetime.LocalDateTimeAssert_isIn_Test:test_isIn_assertion_error_message
1,org.assertj.core.internal.objects.Objects_assertIsIn_with_Iterable_Test:should_fail_if_actual_is_not_in_Iterable_according_to_custom_comparison_strategy
2,org.assertj.core.internal.objects.Objects_assertIsIn_with_Iterable_Test:should_fail_if_actual_is_not_in_Iterable_according_to_custom_comparison_strategy
3,org.assertj.core.internal.objects.Objects_assertIsIn_with_Iterable_Test:should_fail_if_actual_is_not_in_Iterable_according_to_custom_comparison_strategy
4,org.assertj.core.internal.objects.Objects_assertIsIn_with_Iterable_Test:should_fail_if_actual_is_not_in_Iterable_according_to_custom_comparison_strategy
10,org.assertj.core.internal.objects.Objects_assertIsIn_with_Iterable_Test:should_fail_if_actual_is_not_in_Iterable_according_to_custom_comparison_strategy
11,org.assertj.core.internal.objects.Objects_assertIsIn_with_Iterable_Test:should_fail_if_actual_is_not_in_Iterable_according_to_custom_comparison_strategy
1,org.assertj.core.internal.objects.Objects_assertIsIn_with_Iterable_Test:should_fail_if_actual_is_not_in_Iterable
2,org.assertj.core.internal.objects.Objects_assertIsIn_with_Iterable_Test:should_fail_if_actual_is_not_in_Iterable
3,org.assertj.core.internal.objects.Objects_assertIsIn_with_Iterable_Test:should_fail_if_actual_is_not_in_Iterable
4,org.assertj.core.internal.objects.Objects_assertIsIn_with_Iterable_Test:should_fail_if_actual_is_not_in_Iterable
10,org.assertj.core.internal.objects.Objects_assertIsIn_with_Iterable_Test:should_fail_if_actual_is_not_in_Iterable
11,org.assertj.core.internal.objects.Objects_assertIsIn_with_Iterable_Test:should_fail_if_actual_is_not_in_Iterable
0,org.assertj.core.api.objectarray.ObjectArrayAssert_usingFieldByFieldElementComparator_Test:failed_isIn_assertion_using_field_by_field_element_comparator
1,org.assertj.core.api.objectarray.ObjectArrayAssert_usingFieldByFieldElementComparator_Test:failed_isIn_assertion_using_field_by_field_element_comparator
2,org.assertj.core.api.objectarray.ObjectArrayAssert_usingFieldByFieldElementComparator_Test:failed_isIn_assertion_using_field_by_field_element_comparator
3,org.assertj.core.api.objectarray.ObjectArrayAssert_usingFieldByFieldElementComparator_Test:failed_isIn_assertion_using_field_by_field_element_comparator
4,org.assertj.core.api.objectarray.ObjectArrayAssert_usingFieldByFieldElementComparator_Test:failed_isIn_assertion_using_field_by_field_element_comparator
6,org.assertj.core.api.objectarray.ObjectArrayAssert_usingFieldByFieldElementComparator_Test:failed_isIn_assertion_using_field_by_field_element_comparator
7,org.assertj.core.api.objectarray.ObjectArrayAssert_usingFieldByFieldElementComparator_Test:failed_isIn_assertion_using_field_by_field_element_comparator
8,org.assertj.core.api.objectarray.ObjectArrayAssert_usingFieldByFieldElementComparator_Test:failed_isIn_assertion_using_field_by_field_element_comparator
9,org.assertj.core.api.objectarray.ObjectArrayAssert_usingFieldByFieldElementComparator_Test:failed_isIn_assertion_using_field_by_field_element_comparator
10,org.assertj.core.api.objectarray.ObjectArrayAssert_usingFieldByFieldElementComparator_Test:failed_isIn_assertion_using_field_by_field_element_comparator
11,org.assertj.core.api.objectarray.ObjectArrayAssert_usingFieldByFieldElementComparator_Test:failed_isIn_assertion_using_field_by_field_element_comparator
0,org.assertj.core.api.iterable.IterableAssert_usingFieldByFieldElementComparator_Test:failed_isIn_assertion_using_field_by_field_element_comparator
1,org.assertj.core.api.iterable.IterableAssert_usingFieldByFieldElementComparator_Test:failed_isIn_assertion_using_field_by_field_element_comparator
2,org.assertj.core.api.iterable.IterableAssert_usingFieldByFieldElementComparator_Test:failed_isIn_assertion_using_field_by_field_element_comparator
3,org.assertj.core.api.iterable.IterableAssert_usingFieldByFieldElementComparator_Test:failed_isIn_assertion_using_field_by_field_element_comparator
4,org.assertj.core.api.iterable.IterableAssert_usingFieldByFieldElementComparator_Test:failed_isIn_assertion_using_field_by_field_element_comparator
6,org.assertj.core.api.iterable.IterableAssert_usingFieldByFieldElementComparator_Test:failed_isIn_assertion_using_field_by_field_element_comparator
7,org.assertj.core.api.iterable.IterableAssert_usingFieldByFieldElementComparator_Test:failed_isIn_assertion_using_field_by_field_element_comparator
8,org.assertj.core.api.iterable.IterableAssert_usingFieldByFieldElementComparator_Test:failed_isIn_assertion_using_field_by_field_element_comparator
9,org.assertj.core.api.iterable.IterableAssert_usingFieldByFieldElementComparator_Test:failed_isIn_assertion_using_field_by_field_element_comparator
10,org.assertj.core.api.iterable.IterableAssert_usingFieldByFieldElementComparator_Test:failed_isIn_assertion_using_field_by_field_element_comparator
11,org.assertj.core.api.iterable.IterableAssert_usingFieldByFieldElementComparator_Test:failed_isIn_assertion_using_field_by_field_element_comparator
0,org.assertj.core.api.offsetdatetime.OffsetDateTimeAssert_isIn_Test:test_isIn_assertion_error_message
1,org.assertj.core.api.offsetdatetime.OffsetDateTimeAssert_isIn_Test:test_isIn_assertion_error_message
2,org.assertj.core.api.offsetdatetime.OffsetDateTimeAssert_isIn_Test:test_isIn_assertion_error_message
3,org.assertj.core.api.offsetdatetime.OffsetDateTimeAssert_isIn_Test:test_isIn_assertion_error_message
4,org.assertj.core.api.offsetdatetime.OffsetDateTimeAssert_isIn_Test:test_isIn_assertion_error_message
6,org.assertj.core.api.offsetdatetime.OffsetDateTimeAssert_isIn_Test:test_isIn_assertion_error_message
7,org.assertj.core.api.offsetdatetime.OffsetDateTimeAssert_isIn_Test:test_isIn_assertion_error_message
8,org.assertj.core.api.offsetdatetime.OffsetDateTimeAssert_isIn_Test:test_isIn_assertion_error_message
9,org.assertj.core.api.offsetdatetime.OffsetDateTimeAssert_isIn_Test:test_isIn_assertion_error_message
10,org.assertj.core.api.offsetdatetime.OffsetDateTimeAssert_isIn_Test:test_isIn_assertion_error_message
11,org.assertj.core.api.offsetdatetime.OffsetDateTimeAssert_isIn_Test:test_isIn_assertion_error_message
0,org.assertj.core.api.offsettime.OffsetTimeAssert_isIn_Test:test_isIn_assertion_error_message
1,org.assertj.core.api.offsettime.OffsetTimeAssert_isIn_Test:test_isIn_assertion_error_message
2,org.assertj.core.api.offsettime.OffsetTimeAssert_isIn_Test:test_isIn_assertion_error_message
3,org.assertj.core.api.offsettime.OffsetTimeAssert_isIn_Test:test_isIn_assertion_error_message
4,org.assertj.core.api.offsettime.OffsetTimeAssert_isIn_Test:test_isIn_assertion_error_message
6,org.assertj.core.api.offsettime.OffsetTimeAssert_isIn_Test:test_isIn_assertion_error_message
7,org.assertj.core.api.offsettime.OffsetTimeAssert_isIn_Test:test_isIn_assertion_error_message
8,org.assertj.core.api.offsettime.OffsetTimeAssert_isIn_Test:test_isIn_assertion_error_message
9,org.assertj.core.api.offsettime.OffsetTimeAssert_isIn_Test:test_isIn_assertion_error_message
10,org.assertj.core.api.offsettime.OffsetTimeAssert_isIn_Test:test_isIn_assertion_error_message
11,org.assertj.core.api.offsettime.OffsetTimeAssert_isIn_Test:test_isIn_assertion_error_message
0,org.assertj.core.api.localdate.LocalDateAssert_isIn_Test:test_isIn_assertion_error_message
1,org.assertj.core.api.localdate.LocalDateAssert_isIn_Test:test_isIn_assertion_error_message
2,org.assertj.core.api.localdate.LocalDateAssert_isIn_Test:test_isIn_assertion_error_message
3,org.assertj.core.api.localdate.LocalDateAssert_isIn_Test:test_isIn_assertion_error_message
4,org.assertj.core.api.localdate.LocalDateAssert_isIn_Test:test_isIn_assertion_error_message
6,org.assertj.core.api.localdate.LocalDateAssert_isIn_Test:test_isIn_assertion_error_message
7,org.assertj.core.api.localdate.LocalDateAssert_isIn_Test:test_isIn_assertion_error_message
8,org.assertj.core.api.localdate.LocalDateAssert_isIn_Test:test_isIn_assertion_error_message
9,org.assertj.core.api.localdate.LocalDateAssert_isIn_Test:test_isIn_assertion_error_message
10,org.assertj.core.api.localdate.LocalDateAssert_isIn_Test:test_isIn_assertion_error_message
11,org.assertj.core.api.localdate.LocalDateAssert_isIn_Test:test_isIn_assertion_error_message
0,org.assertj.core.api.localtime.LocalTimeAssert_isIn_Test:test_isIn_assertion_error_message
1,org.assertj.core.api.localtime.LocalTimeAssert_isIn_Test:test_isIn_assertion_error_message
2,org.assertj.core.api.localtime.LocalTimeAssert_isIn_Test:test_isIn_assertion_error_message
3,org.assertj.core.api.localtime.LocalTimeAssert_isIn_Test:test_isIn_assertion_error_message
4,org.assertj.core.api.localtime.LocalTimeAssert_isIn_Test:test_isIn_assertion_error_message
6,org.assertj.core.api.localtime.LocalTimeAssert_isIn_Test:test_isIn_assertion_error_message
7,org.assertj.core.api.localtime.LocalTimeAssert_isIn_Test:test_isIn_assertion_error_message
8,org.assertj.core.api.localtime.LocalTimeAssert_isIn_Test:test_isIn_assertion_error_message
9,org.assertj.core.api.localtime.LocalTimeAssert_isIn_Test:test_isIn_assertion_error_message
10,org.assertj.core.api.localtime.LocalTimeAssert_isIn_Test:test_isIn_assertion_error_message
11,org.assertj.core.api.localtime.LocalTimeAssert_isIn_Test:test_isIn_assertion_error_message
1,org.assertj.core.internal.objects.Objects_assertIsIn_with_array_Test:should_fail_if_actual_is_not_in_array_according_to_custom_comparison_strategy
2,org.assertj.core.internal.objects.Objects_assertIsIn_with_array_Test:should_fail_if_actual_is_not_in_array_according_to_custom_comparison_strategy
3,org.assertj.core.internal.objects.Objects_assertIsIn_with_array_Test:should_fail_if_actual_is_not_in_array_according_to_custom_comparison_strategy
4,org.assertj.core.internal.objects.Objects_assertIsIn_with_array_Test:should_fail_if_actual_is_not_in_array_according_to_custom_comparison_strategy
10,org.assertj.core.internal.objects.Objects_assertIsIn_with_array_Test:should_fail_if_actual_is_not_in_array_according_to_custom_comparison_strategy
11,org.assertj.core.internal.objects.Objects_assertIsIn_with_array_Test:should_fail_if_actual_is_not_in_array_according_to_custom_comparison_strategy
1,org.assertj.core.internal.objects.Objects_assertIsIn_with_array_Test:should_fail_if_actual_is_not_in_array
2,org.assertj.core.internal.objects.Objects_assertIsIn_with_array_Test:should_fail_if_actual_is_not_in_array
3,org.assertj.core.internal.objects.Objects_assertIsIn_with_array_Test:should_fail_if_actual_is_not_in_array
4,org.assertj.core.internal.objects.Objects_assertIsIn_with_array_Test:should_fail_if_actual_is_not_in_array
10,org.assertj.core.internal.objects.Objects_assertIsIn_with_array_Test:should_fail_if_actual_is_not_in_array
11,org.assertj.core.internal.objects.Objects_assertIsIn_with_array_Test:should_fail_if_actual_is_not_in_array
