0,32,org.assertj.core.error.ShouldContainKeys_create_Test:should_create_error_message
16,41,org.assertj.core.error.ShouldContainKeys_create_Test:should_create_error_message
1,32,org.assertj.core.error.ShouldContainKeys_create_Test:should_create_error_message
17,41,org.assertj.core.error.ShouldContainKeys_create_Test:should_create_error_message
2,32,org.assertj.core.error.ShouldContainKeys_create_Test:should_create_error_message
3,32,org.assertj.core.error.ShouldContainKeys_create_Test:should_create_error_message
11,41,org.assertj.core.error.ShouldContainKeys_create_Test:should_create_error_message
12,41,org.assertj.core.error.ShouldContainKeys_create_Test:should_create_error_message
13,41,org.assertj.core.error.ShouldContainKeys_create_Test:should_create_error_message
14,41,org.assertj.core.error.ShouldContainKeys_create_Test:should_create_error_message
15,41,org.assertj.core.error.ShouldContainKeys_create_Test:should_create_error_message
0,32,org.assertj.core.error.ShouldContainKeys_create_Test:should_create_error_message_with_multiple_keys
1,32,org.assertj.core.error.ShouldContainKeys_create_Test:should_create_error_message_with_multiple_keys
2,32,org.assertj.core.error.ShouldContainKeys_create_Test:should_create_error_message_with_multiple_keys
3,32,org.assertj.core.error.ShouldContainKeys_create_Test:should_create_error_message_with_multiple_keys
4,37,org.assertj.core.error.ShouldContainKeys_create_Test:should_create_error_message_with_multiple_keys
5,37,org.assertj.core.error.ShouldContainKeys_create_Test:should_create_error_message_with_multiple_keys
6,37,org.assertj.core.error.ShouldContainKeys_create_Test:should_create_error_message_with_multiple_keys
7,37,org.assertj.core.error.ShouldContainKeys_create_Test:should_create_error_message_with_multiple_keys
8,37,org.assertj.core.error.ShouldContainKeys_create_Test:should_create_error_message_with_multiple_keys
9,37,org.assertj.core.error.ShouldContainKeys_create_Test:should_create_error_message_with_multiple_keys
10,37,org.assertj.core.error.ShouldContainKeys_create_Test:should_create_error_message_with_multiple_keys
11,41,org.assertj.core.error.ShouldContainKeys_create_Test:should_create_error_message_with_multiple_keys
12,41,org.assertj.core.error.ShouldContainKeys_create_Test:should_create_error_message_with_multiple_keys
13,41,org.assertj.core.error.ShouldContainKeys_create_Test:should_create_error_message_with_multiple_keys
14,41,org.assertj.core.error.ShouldContainKeys_create_Test:should_create_error_message_with_multiple_keys
15,41,org.assertj.core.error.ShouldContainKeys_create_Test:should_create_error_message_with_multiple_keys
16,41,org.assertj.core.error.ShouldContainKeys_create_Test:should_create_error_message_with_multiple_keys
17,41,org.assertj.core.error.ShouldContainKeys_create_Test:should_create_error_message_with_multiple_keys
0,32,org.assertj.core.api.chararray.CharArrayAssert_contains_at_Index_Test:should_return_this
1,32,org.assertj.core.api.chararray.CharArrayAssert_contains_at_Index_Test:should_return_this
2,32,org.assertj.core.api.chararray.CharArrayAssert_contains_at_Index_Test:should_return_this
3,32,org.assertj.core.api.chararray.CharArrayAssert_contains_at_Index_Test:should_return_this
4,37,org.assertj.core.api.chararray.CharArrayAssert_contains_at_Index_Test:should_return_this
5,37,org.assertj.core.api.chararray.CharArrayAssert_contains_at_Index_Test:should_return_this
6,37,org.assertj.core.api.chararray.CharArrayAssert_contains_at_Index_Test:should_return_this
7,37,org.assertj.core.api.chararray.CharArrayAssert_contains_at_Index_Test:should_return_this
8,37,org.assertj.core.api.chararray.CharArrayAssert_contains_at_Index_Test:should_return_this
9,37,org.assertj.core.api.chararray.CharArrayAssert_contains_at_Index_Test:should_return_this
10,37,org.assertj.core.api.chararray.CharArrayAssert_contains_at_Index_Test:should_return_this
0,32,org.assertj.core.internal.maps.Maps_assertContainsKey_Test:should_fail_if_actual_does_not_contain_key
16,41,org.assertj.core.internal.maps.Maps_assertContainsKey_Test:should_fail_if_actual_does_not_contain_key
1,32,org.assertj.core.internal.maps.Maps_assertContainsKey_Test:should_fail_if_actual_does_not_contain_key
17,41,org.assertj.core.internal.maps.Maps_assertContainsKey_Test:should_fail_if_actual_does_not_contain_key
2,32,org.assertj.core.internal.maps.Maps_assertContainsKey_Test:should_fail_if_actual_does_not_contain_key
3,32,org.assertj.core.internal.maps.Maps_assertContainsKey_Test:should_fail_if_actual_does_not_contain_key
11,41,org.assertj.core.internal.maps.Maps_assertContainsKey_Test:should_fail_if_actual_does_not_contain_key
12,41,org.assertj.core.internal.maps.Maps_assertContainsKey_Test:should_fail_if_actual_does_not_contain_key
13,41,org.assertj.core.internal.maps.Maps_assertContainsKey_Test:should_fail_if_actual_does_not_contain_key
14,41,org.assertj.core.internal.maps.Maps_assertContainsKey_Test:should_fail_if_actual_does_not_contain_key
15,41,org.assertj.core.internal.maps.Maps_assertContainsKey_Test:should_fail_if_actual_does_not_contain_key
0,32,org.assertj.core.internal.maps.Maps_assertContainsKey_Test:should_success_if_key_is_null
16,41,org.assertj.core.internal.maps.Maps_assertContainsKey_Test:should_success_if_key_is_null
1,32,org.assertj.core.internal.maps.Maps_assertContainsKey_Test:should_success_if_key_is_null
17,41,org.assertj.core.internal.maps.Maps_assertContainsKey_Test:should_success_if_key_is_null
2,32,org.assertj.core.internal.maps.Maps_assertContainsKey_Test:should_success_if_key_is_null
3,32,org.assertj.core.internal.maps.Maps_assertContainsKey_Test:should_success_if_key_is_null
11,41,org.assertj.core.internal.maps.Maps_assertContainsKey_Test:should_success_if_key_is_null
12,41,org.assertj.core.internal.maps.Maps_assertContainsKey_Test:should_success_if_key_is_null
13,41,org.assertj.core.internal.maps.Maps_assertContainsKey_Test:should_success_if_key_is_null
14,41,org.assertj.core.internal.maps.Maps_assertContainsKey_Test:should_success_if_key_is_null
15,41,org.assertj.core.internal.maps.Maps_assertContainsKey_Test:should_success_if_key_is_null
0,32,org.assertj.core.internal.maps.Maps_assertContainsKeys_Test:should_fail_if_actual_does_not_contain_key
16,41,org.assertj.core.internal.maps.Maps_assertContainsKeys_Test:should_fail_if_actual_does_not_contain_key
1,32,org.assertj.core.internal.maps.Maps_assertContainsKeys_Test:should_fail_if_actual_does_not_contain_key
17,41,org.assertj.core.internal.maps.Maps_assertContainsKeys_Test:should_fail_if_actual_does_not_contain_key
2,32,org.assertj.core.internal.maps.Maps_assertContainsKeys_Test:should_fail_if_actual_does_not_contain_key
3,32,org.assertj.core.internal.maps.Maps_assertContainsKeys_Test:should_fail_if_actual_does_not_contain_key
11,41,org.assertj.core.internal.maps.Maps_assertContainsKeys_Test:should_fail_if_actual_does_not_contain_key
12,41,org.assertj.core.internal.maps.Maps_assertContainsKeys_Test:should_fail_if_actual_does_not_contain_key
13,41,org.assertj.core.internal.maps.Maps_assertContainsKeys_Test:should_fail_if_actual_does_not_contain_key
14,41,org.assertj.core.internal.maps.Maps_assertContainsKeys_Test:should_fail_if_actual_does_not_contain_key
15,41,org.assertj.core.internal.maps.Maps_assertContainsKeys_Test:should_fail_if_actual_does_not_contain_key
0,32,org.assertj.core.internal.maps.Maps_assertContainsKeys_Test:should_success_if_key_is_null
16,41,org.assertj.core.internal.maps.Maps_assertContainsKeys_Test:should_success_if_key_is_null
1,32,org.assertj.core.internal.maps.Maps_assertContainsKeys_Test:should_success_if_key_is_null
17,41,org.assertj.core.internal.maps.Maps_assertContainsKeys_Test:should_success_if_key_is_null
2,32,org.assertj.core.internal.maps.Maps_assertContainsKeys_Test:should_success_if_key_is_null
3,32,org.assertj.core.internal.maps.Maps_assertContainsKeys_Test:should_success_if_key_is_null
11,41,org.assertj.core.internal.maps.Maps_assertContainsKeys_Test:should_success_if_key_is_null
12,41,org.assertj.core.internal.maps.Maps_assertContainsKeys_Test:should_success_if_key_is_null
13,41,org.assertj.core.internal.maps.Maps_assertContainsKeys_Test:should_success_if_key_is_null
14,41,org.assertj.core.internal.maps.Maps_assertContainsKeys_Test:should_success_if_key_is_null
15,41,org.assertj.core.internal.maps.Maps_assertContainsKeys_Test:should_success_if_key_is_null
0,32,org.assertj.core.internal.maps.Maps_assertContainsKeys_Test:should_fail_if_actual_does_not_contain_keys
1,32,org.assertj.core.internal.maps.Maps_assertContainsKeys_Test:should_fail_if_actual_does_not_contain_keys
2,32,org.assertj.core.internal.maps.Maps_assertContainsKeys_Test:should_fail_if_actual_does_not_contain_keys
3,32,org.assertj.core.internal.maps.Maps_assertContainsKeys_Test:should_fail_if_actual_does_not_contain_keys
4,37,org.assertj.core.internal.maps.Maps_assertContainsKeys_Test:should_fail_if_actual_does_not_contain_keys
5,37,org.assertj.core.internal.maps.Maps_assertContainsKeys_Test:should_fail_if_actual_does_not_contain_keys
6,37,org.assertj.core.internal.maps.Maps_assertContainsKeys_Test:should_fail_if_actual_does_not_contain_keys
7,37,org.assertj.core.internal.maps.Maps_assertContainsKeys_Test:should_fail_if_actual_does_not_contain_keys
8,37,org.assertj.core.internal.maps.Maps_assertContainsKeys_Test:should_fail_if_actual_does_not_contain_keys
9,37,org.assertj.core.internal.maps.Maps_assertContainsKeys_Test:should_fail_if_actual_does_not_contain_keys
10,37,org.assertj.core.internal.maps.Maps_assertContainsKeys_Test:should_fail_if_actual_does_not_contain_keys
0,32,org.assertj.core.internal.floats.Floats_assertEqual_with_offset_Test:should_pass_if_floats_are_equal_within_offset_whatever_custom_comparison_strategy_is
1,32,org.assertj.core.internal.floats.Floats_assertEqual_with_offset_Test:should_pass_if_floats_are_equal_within_offset_whatever_custom_comparison_strategy_is
2,32,org.assertj.core.internal.floats.Floats_assertEqual_with_offset_Test:should_pass_if_floats_are_equal_within_offset_whatever_custom_comparison_strategy_is
3,32,org.assertj.core.internal.floats.Floats_assertEqual_with_offset_Test:should_pass_if_floats_are_equal_within_offset_whatever_custom_comparison_strategy_is
4,37,org.assertj.core.internal.floats.Floats_assertEqual_with_offset_Test:should_pass_if_floats_are_equal_within_offset_whatever_custom_comparison_strategy_is
5,37,org.assertj.core.internal.floats.Floats_assertEqual_with_offset_Test:should_pass_if_floats_are_equal_within_offset_whatever_custom_comparison_strategy_is
6,37,org.assertj.core.internal.floats.Floats_assertEqual_with_offset_Test:should_pass_if_floats_are_equal_within_offset_whatever_custom_comparison_strategy_is
7,37,org.assertj.core.internal.floats.Floats_assertEqual_with_offset_Test:should_pass_if_floats_are_equal_within_offset_whatever_custom_comparison_strategy_is
8,37,org.assertj.core.internal.floats.Floats_assertEqual_with_offset_Test:should_pass_if_floats_are_equal_within_offset_whatever_custom_comparison_strategy_is
9,37,org.assertj.core.internal.floats.Floats_assertEqual_with_offset_Test:should_pass_if_floats_are_equal_within_offset_whatever_custom_comparison_strategy_is
10,37,org.assertj.core.internal.floats.Floats_assertEqual_with_offset_Test:should_pass_if_floats_are_equal_within_offset_whatever_custom_comparison_strategy_is
0,32,org.assertj.core.internal.maps.Maps_assertHasEntrySatisfyingConsumer_Test:should_fail_if_actual_does_not_contains_key
16,41,org.assertj.core.internal.maps.Maps_assertHasEntrySatisfyingConsumer_Test:should_fail_if_actual_does_not_contains_key
1,32,org.assertj.core.internal.maps.Maps_assertHasEntrySatisfyingConsumer_Test:should_fail_if_actual_does_not_contains_key
17,41,org.assertj.core.internal.maps.Maps_assertHasEntrySatisfyingConsumer_Test:should_fail_if_actual_does_not_contains_key
2,32,org.assertj.core.internal.maps.Maps_assertHasEntrySatisfyingConsumer_Test:should_fail_if_actual_does_not_contains_key
3,32,org.assertj.core.internal.maps.Maps_assertHasEntrySatisfyingConsumer_Test:should_fail_if_actual_does_not_contains_key
11,41,org.assertj.core.internal.maps.Maps_assertHasEntrySatisfyingConsumer_Test:should_fail_if_actual_does_not_contains_key
12,41,org.assertj.core.internal.maps.Maps_assertHasEntrySatisfyingConsumer_Test:should_fail_if_actual_does_not_contains_key
13,41,org.assertj.core.internal.maps.Maps_assertHasEntrySatisfyingConsumer_Test:should_fail_if_actual_does_not_contains_key
14,41,org.assertj.core.internal.maps.Maps_assertHasEntrySatisfyingConsumer_Test:should_fail_if_actual_does_not_contains_key
15,41,org.assertj.core.internal.maps.Maps_assertHasEntrySatisfyingConsumer_Test:should_fail_if_actual_does_not_contains_key
0,32,org.assertj.core.internal.intarrays.IntArrays_assertDoesNotContain_Test:should_throw_error_if_array_of_values_to_look_for_is_empty
16,41,org.assertj.core.internal.intarrays.IntArrays_assertDoesNotContain_Test:should_throw_error_if_array_of_values_to_look_for_is_empty
1,32,org.assertj.core.internal.intarrays.IntArrays_assertDoesNotContain_Test:should_throw_error_if_array_of_values_to_look_for_is_empty
17,41,org.assertj.core.internal.intarrays.IntArrays_assertDoesNotContain_Test:should_throw_error_if_array_of_values_to_look_for_is_empty
2,32,org.assertj.core.internal.intarrays.IntArrays_assertDoesNotContain_Test:should_throw_error_if_array_of_values_to_look_for_is_empty
3,32,org.assertj.core.internal.intarrays.IntArrays_assertDoesNotContain_Test:should_throw_error_if_array_of_values_to_look_for_is_empty
11,41,org.assertj.core.internal.intarrays.IntArrays_assertDoesNotContain_Test:should_throw_error_if_array_of_values_to_look_for_is_empty
12,41,org.assertj.core.internal.intarrays.IntArrays_assertDoesNotContain_Test:should_throw_error_if_array_of_values_to_look_for_is_empty
13,41,org.assertj.core.internal.intarrays.IntArrays_assertDoesNotContain_Test:should_throw_error_if_array_of_values_to_look_for_is_empty
14,41,org.assertj.core.internal.intarrays.IntArrays_assertDoesNotContain_Test:should_throw_error_if_array_of_values_to_look_for_is_empty
15,41,org.assertj.core.internal.intarrays.IntArrays_assertDoesNotContain_Test:should_throw_error_if_array_of_values_to_look_for_is_empty
0,32,org.assertj.core.internal.maps.Maps_assertHasEntrySatisfyingCondition_Test:should_fail_if_actual_does_not_contain_key
16,41,org.assertj.core.internal.maps.Maps_assertHasEntrySatisfyingCondition_Test:should_fail_if_actual_does_not_contain_key
1,32,org.assertj.core.internal.maps.Maps_assertHasEntrySatisfyingCondition_Test:should_fail_if_actual_does_not_contain_key
17,41,org.assertj.core.internal.maps.Maps_assertHasEntrySatisfyingCondition_Test:should_fail_if_actual_does_not_contain_key
2,32,org.assertj.core.internal.maps.Maps_assertHasEntrySatisfyingCondition_Test:should_fail_if_actual_does_not_contain_key
3,32,org.assertj.core.internal.maps.Maps_assertHasEntrySatisfyingCondition_Test:should_fail_if_actual_does_not_contain_key
11,41,org.assertj.core.internal.maps.Maps_assertHasEntrySatisfyingCondition_Test:should_fail_if_actual_does_not_contain_key
12,41,org.assertj.core.internal.maps.Maps_assertHasEntrySatisfyingCondition_Test:should_fail_if_actual_does_not_contain_key
13,41,org.assertj.core.internal.maps.Maps_assertHasEntrySatisfyingCondition_Test:should_fail_if_actual_does_not_contain_key
14,41,org.assertj.core.internal.maps.Maps_assertHasEntrySatisfyingCondition_Test:should_fail_if_actual_does_not_contain_key
15,41,org.assertj.core.internal.maps.Maps_assertHasEntrySatisfyingCondition_Test:should_fail_if_actual_does_not_contain_key
0,32,org.assertj.core.internal.maps.Maps_assertHasEntrySatisfyingCondition_Test:should_pass_if_actual_contains_null_key_with_value_match_condition
16,41,org.assertj.core.internal.maps.Maps_assertHasEntrySatisfyingCondition_Test:should_pass_if_actual_contains_null_key_with_value_match_condition
1,32,org.assertj.core.internal.maps.Maps_assertHasEntrySatisfyingCondition_Test:should_pass_if_actual_contains_null_key_with_value_match_condition
17,41,org.assertj.core.internal.maps.Maps_assertHasEntrySatisfyingCondition_Test:should_pass_if_actual_contains_null_key_with_value_match_condition
2,32,org.assertj.core.internal.maps.Maps_assertHasEntrySatisfyingCondition_Test:should_pass_if_actual_contains_null_key_with_value_match_condition
3,32,org.assertj.core.internal.maps.Maps_assertHasEntrySatisfyingCondition_Test:should_pass_if_actual_contains_null_key_with_value_match_condition
11,41,org.assertj.core.internal.maps.Maps_assertHasEntrySatisfyingCondition_Test:should_pass_if_actual_contains_null_key_with_value_match_condition
12,41,org.assertj.core.internal.maps.Maps_assertHasEntrySatisfyingCondition_Test:should_pass_if_actual_contains_null_key_with_value_match_condition
13,41,org.assertj.core.internal.maps.Maps_assertHasEntrySatisfyingCondition_Test:should_pass_if_actual_contains_null_key_with_value_match_condition
14,41,org.assertj.core.internal.maps.Maps_assertHasEntrySatisfyingCondition_Test:should_pass_if_actual_contains_null_key_with_value_match_condition
15,41,org.assertj.core.internal.maps.Maps_assertHasEntrySatisfyingCondition_Test:should_pass_if_actual_contains_null_key_with_value_match_condition
