0,85,org.geotools.styling.visitor.DpiRescaleStyleVisitorTest:testSymbolizerPixelOverrideInMeters
1,93,org.geotools.styling.visitor.DpiRescaleStyleVisitorTest:testSymbolizerPixelOverrideInMeters
67,224,org.geotools.styling.visitor.DpiRescaleStyleVisitorTest:testSymbolizerPixelOverrideInMeters
4,125,org.geotools.styling.visitor.DpiRescaleStyleVisitorTest:testSymbolizerPixelOverrideInMeters
68,224,org.geotools.styling.visitor.DpiRescaleStyleVisitorTest:testSymbolizerPixelOverrideInMeters
5,125,org.geotools.styling.visitor.DpiRescaleStyleVisitorTest:testSymbolizerPixelOverrideInMeters
69,224,org.geotools.styling.visitor.DpiRescaleStyleVisitorTest:testSymbolizerPixelOverrideInMeters
6,125,org.geotools.styling.visitor.DpiRescaleStyleVisitorTest:testSymbolizerPixelOverrideInMeters
70,225,org.geotools.styling.visitor.DpiRescaleStyleVisitorTest:testSymbolizerPixelOverrideInMeters
7,125,org.geotools.styling.visitor.DpiRescaleStyleVisitorTest:testSymbolizerPixelOverrideInMeters
71,232,org.geotools.styling.visitor.DpiRescaleStyleVisitorTest:testSymbolizerPixelOverrideInMeters
135,365,org.geotools.styling.visitor.DpiRescaleStyleVisitorTest:testSymbolizerPixelOverrideInMeters
8,129,org.geotools.styling.visitor.DpiRescaleStyleVisitorTest:testSymbolizerPixelOverrideInMeters
72,232,org.geotools.styling.visitor.DpiRescaleStyleVisitorTest:testSymbolizerPixelOverrideInMeters
9,129,org.geotools.styling.visitor.DpiRescaleStyleVisitorTest:testSymbolizerPixelOverrideInMeters
73,232,org.geotools.styling.visitor.DpiRescaleStyleVisitorTest:testSymbolizerPixelOverrideInMeters
10,129,org.geotools.styling.visitor.DpiRescaleStyleVisitorTest:testSymbolizerPixelOverrideInMeters
74,236,org.geotools.styling.visitor.DpiRescaleStyleVisitorTest:testSymbolizerPixelOverrideInMeters
78,251,org.geotools.styling.visitor.DpiRescaleStyleVisitorTest:testSymbolizerPixelOverrideInMeters
79,257,org.geotools.styling.visitor.DpiRescaleStyleVisitorTest:testSymbolizerPixelOverrideInMeters
80,257,org.geotools.styling.visitor.DpiRescaleStyleVisitorTest:testSymbolizerPixelOverrideInMeters
81,258,org.geotools.styling.visitor.DpiRescaleStyleVisitorTest:testSymbolizerPixelOverrideInMeters
82,258,org.geotools.styling.visitor.DpiRescaleStyleVisitorTest:testSymbolizerPixelOverrideInMeters
83,259,org.geotools.styling.visitor.DpiRescaleStyleVisitorTest:testSymbolizerPixelOverrideInMeters
84,259,org.geotools.styling.visitor.DpiRescaleStyleVisitorTest:testSymbolizerPixelOverrideInMeters
85,259,org.geotools.styling.visitor.DpiRescaleStyleVisitorTest:testSymbolizerPixelOverrideInMeters
86,259,org.geotools.styling.visitor.DpiRescaleStyleVisitorTest:testSymbolizerPixelOverrideInMeters
87,260,org.geotools.styling.visitor.DpiRescaleStyleVisitorTest:testSymbolizerPixelOverrideInMeters
88,260,org.geotools.styling.visitor.DpiRescaleStyleVisitorTest:testSymbolizerPixelOverrideInMeters
89,261,org.geotools.styling.visitor.DpiRescaleStyleVisitorTest:testSymbolizerPixelOverrideInMeters
153,375,org.geotools.styling.visitor.DpiRescaleStyleVisitorTest:testSymbolizerPixelOverrideInMeters
90,261,org.geotools.styling.visitor.DpiRescaleStyleVisitorTest:testSymbolizerPixelOverrideInMeters
154,375,org.geotools.styling.visitor.DpiRescaleStyleVisitorTest:testSymbolizerPixelOverrideInMeters
91,262,org.geotools.styling.visitor.DpiRescaleStyleVisitorTest:testSymbolizerPixelOverrideInMeters
155,375,org.geotools.styling.visitor.DpiRescaleStyleVisitorTest:testSymbolizerPixelOverrideInMeters
92,262,org.geotools.styling.visitor.DpiRescaleStyleVisitorTest:testSymbolizerPixelOverrideInMeters
156,375,org.geotools.styling.visitor.DpiRescaleStyleVisitorTest:testSymbolizerPixelOverrideInMeters
157,375,org.geotools.styling.visitor.DpiRescaleStyleVisitorTest:testSymbolizerPixelOverrideInMeters
158,375,org.geotools.styling.visitor.DpiRescaleStyleVisitorTest:testSymbolizerPixelOverrideInMeters
0,85,org.geotools.styling.visitor.DpiRescaleStyleVisitorTest:testAllFeet
1,93,org.geotools.styling.visitor.DpiRescaleStyleVisitorTest:testAllFeet
67,224,org.geotools.styling.visitor.DpiRescaleStyleVisitorTest:testAllFeet
4,125,org.geotools.styling.visitor.DpiRescaleStyleVisitorTest:testAllFeet
68,224,org.geotools.styling.visitor.DpiRescaleStyleVisitorTest:testAllFeet
5,125,org.geotools.styling.visitor.DpiRescaleStyleVisitorTest:testAllFeet
69,224,org.geotools.styling.visitor.DpiRescaleStyleVisitorTest:testAllFeet
6,125,org.geotools.styling.visitor.DpiRescaleStyleVisitorTest:testAllFeet
70,225,org.geotools.styling.visitor.DpiRescaleStyleVisitorTest:testAllFeet
7,125,org.geotools.styling.visitor.DpiRescaleStyleVisitorTest:testAllFeet
71,232,org.geotools.styling.visitor.DpiRescaleStyleVisitorTest:testAllFeet
135,365,org.geotools.styling.visitor.DpiRescaleStyleVisitorTest:testAllFeet
8,129,org.geotools.styling.visitor.DpiRescaleStyleVisitorTest:testAllFeet
72,232,org.geotools.styling.visitor.DpiRescaleStyleVisitorTest:testAllFeet
9,129,org.geotools.styling.visitor.DpiRescaleStyleVisitorTest:testAllFeet
73,232,org.geotools.styling.visitor.DpiRescaleStyleVisitorTest:testAllFeet
10,129,org.geotools.styling.visitor.DpiRescaleStyleVisitorTest:testAllFeet
74,236,org.geotools.styling.visitor.DpiRescaleStyleVisitorTest:testAllFeet
78,251,org.geotools.styling.visitor.DpiRescaleStyleVisitorTest:testAllFeet
79,257,org.geotools.styling.visitor.DpiRescaleStyleVisitorTest:testAllFeet
80,257,org.geotools.styling.visitor.DpiRescaleStyleVisitorTest:testAllFeet
81,258,org.geotools.styling.visitor.DpiRescaleStyleVisitorTest:testAllFeet
82,258,org.geotools.styling.visitor.DpiRescaleStyleVisitorTest:testAllFeet
83,259,org.geotools.styling.visitor.DpiRescaleStyleVisitorTest:testAllFeet
84,259,org.geotools.styling.visitor.DpiRescaleStyleVisitorTest:testAllFeet
85,259,org.geotools.styling.visitor.DpiRescaleStyleVisitorTest:testAllFeet
86,259,org.geotools.styling.visitor.DpiRescaleStyleVisitorTest:testAllFeet
87,260,org.geotools.styling.visitor.DpiRescaleStyleVisitorTest:testAllFeet
88,260,org.geotools.styling.visitor.DpiRescaleStyleVisitorTest:testAllFeet
89,261,org.geotools.styling.visitor.DpiRescaleStyleVisitorTest:testAllFeet
153,375,org.geotools.styling.visitor.DpiRescaleStyleVisitorTest:testAllFeet
90,261,org.geotools.styling.visitor.DpiRescaleStyleVisitorTest:testAllFeet
154,375,org.geotools.styling.visitor.DpiRescaleStyleVisitorTest:testAllFeet
91,262,org.geotools.styling.visitor.DpiRescaleStyleVisitorTest:testAllFeet
155,375,org.geotools.styling.visitor.DpiRescaleStyleVisitorTest:testAllFeet
92,262,org.geotools.styling.visitor.DpiRescaleStyleVisitorTest:testAllFeet
156,375,org.geotools.styling.visitor.DpiRescaleStyleVisitorTest:testAllFeet
157,375,org.geotools.styling.visitor.DpiRescaleStyleVisitorTest:testAllFeet
158,375,org.geotools.styling.visitor.DpiRescaleStyleVisitorTest:testAllFeet
0,85,org.geotools.styling.visitor.DpiRescaleStyleVisitorTest:testAllMeters
1,93,org.geotools.styling.visitor.DpiRescaleStyleVisitorTest:testAllMeters
67,224,org.geotools.styling.visitor.DpiRescaleStyleVisitorTest:testAllMeters
4,125,org.geotools.styling.visitor.DpiRescaleStyleVisitorTest:testAllMeters
68,224,org.geotools.styling.visitor.DpiRescaleStyleVisitorTest:testAllMeters
5,125,org.geotools.styling.visitor.DpiRescaleStyleVisitorTest:testAllMeters
69,224,org.geotools.styling.visitor.DpiRescaleStyleVisitorTest:testAllMeters
6,125,org.geotools.styling.visitor.DpiRescaleStyleVisitorTest:testAllMeters
70,225,org.geotools.styling.visitor.DpiRescaleStyleVisitorTest:testAllMeters
7,125,org.geotools.styling.visitor.DpiRescaleStyleVisitorTest:testAllMeters
71,232,org.geotools.styling.visitor.DpiRescaleStyleVisitorTest:testAllMeters
135,365,org.geotools.styling.visitor.DpiRescaleStyleVisitorTest:testAllMeters
8,129,org.geotools.styling.visitor.DpiRescaleStyleVisitorTest:testAllMeters
72,232,org.geotools.styling.visitor.DpiRescaleStyleVisitorTest:testAllMeters
9,129,org.geotools.styling.visitor.DpiRescaleStyleVisitorTest:testAllMeters
73,232,org.geotools.styling.visitor.DpiRescaleStyleVisitorTest:testAllMeters
10,129,org.geotools.styling.visitor.DpiRescaleStyleVisitorTest:testAllMeters
74,236,org.geotools.styling.visitor.DpiRescaleStyleVisitorTest:testAllMeters
78,251,org.geotools.styling.visitor.DpiRescaleStyleVisitorTest:testAllMeters
79,257,org.geotools.styling.visitor.DpiRescaleStyleVisitorTest:testAllMeters
80,257,org.geotools.styling.visitor.DpiRescaleStyleVisitorTest:testAllMeters
81,258,org.geotools.styling.visitor.DpiRescaleStyleVisitorTest:testAllMeters
82,258,org.geotools.styling.visitor.DpiRescaleStyleVisitorTest:testAllMeters
83,259,org.geotools.styling.visitor.DpiRescaleStyleVisitorTest:testAllMeters
84,259,org.geotools.styling.visitor.DpiRescaleStyleVisitorTest:testAllMeters
85,259,org.geotools.styling.visitor.DpiRescaleStyleVisitorTest:testAllMeters
86,259,org.geotools.styling.visitor.DpiRescaleStyleVisitorTest:testAllMeters
87,260,org.geotools.styling.visitor.DpiRescaleStyleVisitorTest:testAllMeters
88,260,org.geotools.styling.visitor.DpiRescaleStyleVisitorTest:testAllMeters
89,261,org.geotools.styling.visitor.DpiRescaleStyleVisitorTest:testAllMeters
153,375,org.geotools.styling.visitor.DpiRescaleStyleVisitorTest:testAllMeters
90,261,org.geotools.styling.visitor.DpiRescaleStyleVisitorTest:testAllMeters
154,375,org.geotools.styling.visitor.DpiRescaleStyleVisitorTest:testAllMeters
91,262,org.geotools.styling.visitor.DpiRescaleStyleVisitorTest:testAllMeters
155,375,org.geotools.styling.visitor.DpiRescaleStyleVisitorTest:testAllMeters
92,262,org.geotools.styling.visitor.DpiRescaleStyleVisitorTest:testAllMeters
156,375,org.geotools.styling.visitor.DpiRescaleStyleVisitorTest:testAllMeters
157,375,org.geotools.styling.visitor.DpiRescaleStyleVisitorTest:testAllMeters
158,375,org.geotools.styling.visitor.DpiRescaleStyleVisitorTest:testAllMeters
0,85,org.geotools.styling.visitor.DpiRescaleStyleVisitorTest:testNoUnit
1,93,org.geotools.styling.visitor.DpiRescaleStyleVisitorTest:testNoUnit
67,224,org.geotools.styling.visitor.DpiRescaleStyleVisitorTest:testNoUnit
4,125,org.geotools.styling.visitor.DpiRescaleStyleVisitorTest:testNoUnit
68,224,org.geotools.styling.visitor.DpiRescaleStyleVisitorTest:testNoUnit
5,125,org.geotools.styling.visitor.DpiRescaleStyleVisitorTest:testNoUnit
69,224,org.geotools.styling.visitor.DpiRescaleStyleVisitorTest:testNoUnit
6,125,org.geotools.styling.visitor.DpiRescaleStyleVisitorTest:testNoUnit
70,225,org.geotools.styling.visitor.DpiRescaleStyleVisitorTest:testNoUnit
7,125,org.geotools.styling.visitor.DpiRescaleStyleVisitorTest:testNoUnit
71,232,org.geotools.styling.visitor.DpiRescaleStyleVisitorTest:testNoUnit
135,365,org.geotools.styling.visitor.DpiRescaleStyleVisitorTest:testNoUnit
8,129,org.geotools.styling.visitor.DpiRescaleStyleVisitorTest:testNoUnit
72,232,org.geotools.styling.visitor.DpiRescaleStyleVisitorTest:testNoUnit
9,129,org.geotools.styling.visitor.DpiRescaleStyleVisitorTest:testNoUnit
73,232,org.geotools.styling.visitor.DpiRescaleStyleVisitorTest:testNoUnit
10,129,org.geotools.styling.visitor.DpiRescaleStyleVisitorTest:testNoUnit
74,236,org.geotools.styling.visitor.DpiRescaleStyleVisitorTest:testNoUnit
78,251,org.geotools.styling.visitor.DpiRescaleStyleVisitorTest:testNoUnit
79,257,org.geotools.styling.visitor.DpiRescaleStyleVisitorTest:testNoUnit
80,257,org.geotools.styling.visitor.DpiRescaleStyleVisitorTest:testNoUnit
81,258,org.geotools.styling.visitor.DpiRescaleStyleVisitorTest:testNoUnit
82,258,org.geotools.styling.visitor.DpiRescaleStyleVisitorTest:testNoUnit
83,259,org.geotools.styling.visitor.DpiRescaleStyleVisitorTest:testNoUnit
84,259,org.geotools.styling.visitor.DpiRescaleStyleVisitorTest:testNoUnit
85,259,org.geotools.styling.visitor.DpiRescaleStyleVisitorTest:testNoUnit
86,259,org.geotools.styling.visitor.DpiRescaleStyleVisitorTest:testNoUnit
87,260,org.geotools.styling.visitor.DpiRescaleStyleVisitorTest:testNoUnit
88,260,org.geotools.styling.visitor.DpiRescaleStyleVisitorTest:testNoUnit
89,261,org.geotools.styling.visitor.DpiRescaleStyleVisitorTest:testNoUnit
153,375,org.geotools.styling.visitor.DpiRescaleStyleVisitorTest:testNoUnit
90,261,org.geotools.styling.visitor.DpiRescaleStyleVisitorTest:testNoUnit
154,375,org.geotools.styling.visitor.DpiRescaleStyleVisitorTest:testNoUnit
91,262,org.geotools.styling.visitor.DpiRescaleStyleVisitorTest:testNoUnit
155,375,org.geotools.styling.visitor.DpiRescaleStyleVisitorTest:testNoUnit
92,262,org.geotools.styling.visitor.DpiRescaleStyleVisitorTest:testNoUnit
156,375,org.geotools.styling.visitor.DpiRescaleStyleVisitorTest:testNoUnit
157,375,org.geotools.styling.visitor.DpiRescaleStyleVisitorTest:testNoUnit
158,375,org.geotools.styling.visitor.DpiRescaleStyleVisitorTest:testNoUnit
0,85,org.geotools.styling.visitor.DpiRescaleStyleVisitorTest:testSymbolizerMeterOverrideInPixels
1,93,org.geotools.styling.visitor.DpiRescaleStyleVisitorTest:testSymbolizerMeterOverrideInPixels
67,224,org.geotools.styling.visitor.DpiRescaleStyleVisitorTest:testSymbolizerMeterOverrideInPixels
4,125,org.geotools.styling.visitor.DpiRescaleStyleVisitorTest:testSymbolizerMeterOverrideInPixels
68,224,org.geotools.styling.visitor.DpiRescaleStyleVisitorTest:testSymbolizerMeterOverrideInPixels
5,125,org.geotools.styling.visitor.DpiRescaleStyleVisitorTest:testSymbolizerMeterOverrideInPixels
69,224,org.geotools.styling.visitor.DpiRescaleStyleVisitorTest:testSymbolizerMeterOverrideInPixels
6,125,org.geotools.styling.visitor.DpiRescaleStyleVisitorTest:testSymbolizerMeterOverrideInPixels
70,225,org.geotools.styling.visitor.DpiRescaleStyleVisitorTest:testSymbolizerMeterOverrideInPixels
7,125,org.geotools.styling.visitor.DpiRescaleStyleVisitorTest:testSymbolizerMeterOverrideInPixels
71,232,org.geotools.styling.visitor.DpiRescaleStyleVisitorTest:testSymbolizerMeterOverrideInPixels
135,365,org.geotools.styling.visitor.DpiRescaleStyleVisitorTest:testSymbolizerMeterOverrideInPixels
8,129,org.geotools.styling.visitor.DpiRescaleStyleVisitorTest:testSymbolizerMeterOverrideInPixels
72,232,org.geotools.styling.visitor.DpiRescaleStyleVisitorTest:testSymbolizerMeterOverrideInPixels
9,129,org.geotools.styling.visitor.DpiRescaleStyleVisitorTest:testSymbolizerMeterOverrideInPixels
73,232,org.geotools.styling.visitor.DpiRescaleStyleVisitorTest:testSymbolizerMeterOverrideInPixels
10,129,org.geotools.styling.visitor.DpiRescaleStyleVisitorTest:testSymbolizerMeterOverrideInPixels
74,236,org.geotools.styling.visitor.DpiRescaleStyleVisitorTest:testSymbolizerMeterOverrideInPixels
78,251,org.geotools.styling.visitor.DpiRescaleStyleVisitorTest:testSymbolizerMeterOverrideInPixels
79,257,org.geotools.styling.visitor.DpiRescaleStyleVisitorTest:testSymbolizerMeterOverrideInPixels
80,257,org.geotools.styling.visitor.DpiRescaleStyleVisitorTest:testSymbolizerMeterOverrideInPixels
81,258,org.geotools.styling.visitor.DpiRescaleStyleVisitorTest:testSymbolizerMeterOverrideInPixels
82,258,org.geotools.styling.visitor.DpiRescaleStyleVisitorTest:testSymbolizerMeterOverrideInPixels
83,259,org.geotools.styling.visitor.DpiRescaleStyleVisitorTest:testSymbolizerMeterOverrideInPixels
84,259,org.geotools.styling.visitor.DpiRescaleStyleVisitorTest:testSymbolizerMeterOverrideInPixels
85,259,org.geotools.styling.visitor.DpiRescaleStyleVisitorTest:testSymbolizerMeterOverrideInPixels
86,259,org.geotools.styling.visitor.DpiRescaleStyleVisitorTest:testSymbolizerMeterOverrideInPixels
87,260,org.geotools.styling.visitor.DpiRescaleStyleVisitorTest:testSymbolizerMeterOverrideInPixels
88,260,org.geotools.styling.visitor.DpiRescaleStyleVisitorTest:testSymbolizerMeterOverrideInPixels
89,261,org.geotools.styling.visitor.DpiRescaleStyleVisitorTest:testSymbolizerMeterOverrideInPixels
153,375,org.geotools.styling.visitor.DpiRescaleStyleVisitorTest:testSymbolizerMeterOverrideInPixels
90,261,org.geotools.styling.visitor.DpiRescaleStyleVisitorTest:testSymbolizerMeterOverrideInPixels
154,375,org.geotools.styling.visitor.DpiRescaleStyleVisitorTest:testSymbolizerMeterOverrideInPixels
91,262,org.geotools.styling.visitor.DpiRescaleStyleVisitorTest:testSymbolizerMeterOverrideInPixels
155,375,org.geotools.styling.visitor.DpiRescaleStyleVisitorTest:testSymbolizerMeterOverrideInPixels
92,262,org.geotools.styling.visitor.DpiRescaleStyleVisitorTest:testSymbolizerMeterOverrideInPixels
156,375,org.geotools.styling.visitor.DpiRescaleStyleVisitorTest:testSymbolizerMeterOverrideInPixels
157,375,org.geotools.styling.visitor.DpiRescaleStyleVisitorTest:testSymbolizerMeterOverrideInPixels
158,375,org.geotools.styling.visitor.DpiRescaleStyleVisitorTest:testSymbolizerMeterOverrideInPixels
0,85,org.geotools.styling.visitor.RescaleStyleVisitorTest:testRescalePerpendicularOffset
1,93,org.geotools.styling.visitor.RescaleStyleVisitorTest:testRescalePerpendicularOffset
2,110,org.geotools.styling.visitor.RescaleStyleVisitorTest:testRescalePerpendicularOffset
3,113,org.geotools.styling.visitor.RescaleStyleVisitorTest:testRescalePerpendicularOffset
4,125,org.geotools.styling.visitor.RescaleStyleVisitorTest:testRescalePerpendicularOffset
5,125,org.geotools.styling.visitor.RescaleStyleVisitorTest:testRescalePerpendicularOffset
6,125,org.geotools.styling.visitor.RescaleStyleVisitorTest:testRescalePerpendicularOffset
7,125,org.geotools.styling.visitor.RescaleStyleVisitorTest:testRescalePerpendicularOffset
8,129,org.geotools.styling.visitor.RescaleStyleVisitorTest:testRescalePerpendicularOffset
9,129,org.geotools.styling.visitor.RescaleStyleVisitorTest:testRescalePerpendicularOffset
10,129,org.geotools.styling.visitor.RescaleStyleVisitorTest:testRescalePerpendicularOffset
0,85,org.geotools.styling.visitor.RescaleStyleVisitorTest:testRescaleLocalUOM
1,93,org.geotools.styling.visitor.RescaleStyleVisitorTest:testRescaleLocalUOM
2,110,org.geotools.styling.visitor.RescaleStyleVisitorTest:testRescaleLocalUOM
3,113,org.geotools.styling.visitor.RescaleStyleVisitorTest:testRescaleLocalUOM
4,125,org.geotools.styling.visitor.RescaleStyleVisitorTest:testRescaleLocalUOM
5,125,org.geotools.styling.visitor.RescaleStyleVisitorTest:testRescaleLocalUOM
6,125,org.geotools.styling.visitor.RescaleStyleVisitorTest:testRescaleLocalUOM
7,125,org.geotools.styling.visitor.RescaleStyleVisitorTest:testRescaleLocalUOM
8,129,org.geotools.styling.visitor.RescaleStyleVisitorTest:testRescaleLocalUOM
9,129,org.geotools.styling.visitor.RescaleStyleVisitorTest:testRescaleLocalUOM
10,129,org.geotools.styling.visitor.RescaleStyleVisitorTest:testRescaleLocalUOM
0,85,org.geotools.styling.visitor.RescaleStyleVisitorTest:testStyle
1,93,org.geotools.styling.visitor.RescaleStyleVisitorTest:testStyle
0,85,org.geotools.styling.visitor.RescaleStyleVisitorTest:testRule
1,93,org.geotools.styling.visitor.RescaleStyleVisitorTest:testRule
2,110,org.geotools.styling.visitor.RescaleStyleVisitorTest:testRule
3,113,org.geotools.styling.visitor.RescaleStyleVisitorTest:testRule
4,125,org.geotools.styling.visitor.RescaleStyleVisitorTest:testRule
0,85,org.geotools.styling.visitor.RescaleStyleVisitorTest:testTextSymbolizer
128,351,org.geotools.styling.visitor.RescaleStyleVisitorTest:testTextSymbolizer
1,93,org.geotools.styling.visitor.RescaleStyleVisitorTest:testTextSymbolizer
129,351,org.geotools.styling.visitor.RescaleStyleVisitorTest:testTextSymbolizer
2,110,org.geotools.styling.visitor.RescaleStyleVisitorTest:testTextSymbolizer
130,351,org.geotools.styling.visitor.RescaleStyleVisitorTest:testTextSymbolizer
3,113,org.geotools.styling.visitor.RescaleStyleVisitorTest:testTextSymbolizer
131,351,org.geotools.styling.visitor.RescaleStyleVisitorTest:testTextSymbolizer
4,125,org.geotools.styling.visitor.RescaleStyleVisitorTest:testTextSymbolizer
132,351,org.geotools.styling.visitor.RescaleStyleVisitorTest:testTextSymbolizer
133,351,org.geotools.styling.visitor.RescaleStyleVisitorTest:testTextSymbolizer
134,351,org.geotools.styling.visitor.RescaleStyleVisitorTest:testTextSymbolizer
135,365,org.geotools.styling.visitor.RescaleStyleVisitorTest:testTextSymbolizer
136,367,org.geotools.styling.visitor.RescaleStyleVisitorTest:testTextSymbolizer
137,369,org.geotools.styling.visitor.RescaleStyleVisitorTest:testTextSymbolizer
138,369,org.geotools.styling.visitor.RescaleStyleVisitorTest:testTextSymbolizer
139,369,org.geotools.styling.visitor.RescaleStyleVisitorTest:testTextSymbolizer
140,369,org.geotools.styling.visitor.RescaleStyleVisitorTest:testTextSymbolizer
141,370,org.geotools.styling.visitor.RescaleStyleVisitorTest:testTextSymbolizer
142,370,org.geotools.styling.visitor.RescaleStyleVisitorTest:testTextSymbolizer
143,370,org.geotools.styling.visitor.RescaleStyleVisitorTest:testTextSymbolizer
144,370,org.geotools.styling.visitor.RescaleStyleVisitorTest:testTextSymbolizer
145,370,org.geotools.styling.visitor.RescaleStyleVisitorTest:testTextSymbolizer
146,371,org.geotools.styling.visitor.RescaleStyleVisitorTest:testTextSymbolizer
147,371,org.geotools.styling.visitor.RescaleStyleVisitorTest:testTextSymbolizer
148,373,org.geotools.styling.visitor.RescaleStyleVisitorTest:testTextSymbolizer
149,373,org.geotools.styling.visitor.RescaleStyleVisitorTest:testTextSymbolizer
150,373,org.geotools.styling.visitor.RescaleStyleVisitorTest:testTextSymbolizer
151,373,org.geotools.styling.visitor.RescaleStyleVisitorTest:testTextSymbolizer
152,373,org.geotools.styling.visitor.RescaleStyleVisitorTest:testTextSymbolizer
67,224,org.geotools.styling.visitor.RescaleStyleVisitorTest:testTextSymbolizer
68,224,org.geotools.styling.visitor.RescaleStyleVisitorTest:testTextSymbolizer
69,224,org.geotools.styling.visitor.RescaleStyleVisitorTest:testTextSymbolizer
71,232,org.geotools.styling.visitor.RescaleStyleVisitorTest:testTextSymbolizer
72,232,org.geotools.styling.visitor.RescaleStyleVisitorTest:testTextSymbolizer
73,232,org.geotools.styling.visitor.RescaleStyleVisitorTest:testTextSymbolizer
74,236,org.geotools.styling.visitor.RescaleStyleVisitorTest:testTextSymbolizer
78,251,org.geotools.styling.visitor.RescaleStyleVisitorTest:testTextSymbolizer
79,257,org.geotools.styling.visitor.RescaleStyleVisitorTest:testTextSymbolizer
80,257,org.geotools.styling.visitor.RescaleStyleVisitorTest:testTextSymbolizer
81,258,org.geotools.styling.visitor.RescaleStyleVisitorTest:testTextSymbolizer
82,258,org.geotools.styling.visitor.RescaleStyleVisitorTest:testTextSymbolizer
83,259,org.geotools.styling.visitor.RescaleStyleVisitorTest:testTextSymbolizer
84,259,org.geotools.styling.visitor.RescaleStyleVisitorTest:testTextSymbolizer
85,259,org.geotools.styling.visitor.RescaleStyleVisitorTest:testTextSymbolizer
86,259,org.geotools.styling.visitor.RescaleStyleVisitorTest:testTextSymbolizer
87,260,org.geotools.styling.visitor.RescaleStyleVisitorTest:testTextSymbolizer
88,260,org.geotools.styling.visitor.RescaleStyleVisitorTest:testTextSymbolizer
89,261,org.geotools.styling.visitor.RescaleStyleVisitorTest:testTextSymbolizer
90,261,org.geotools.styling.visitor.RescaleStyleVisitorTest:testTextSymbolizer
91,262,org.geotools.styling.visitor.RescaleStyleVisitorTest:testTextSymbolizer
92,262,org.geotools.styling.visitor.RescaleStyleVisitorTest:testTextSymbolizer
112,347,org.geotools.styling.visitor.RescaleStyleVisitorTest:testTextSymbolizer
113,348,org.geotools.styling.visitor.RescaleStyleVisitorTest:testTextSymbolizer
114,348,org.geotools.styling.visitor.RescaleStyleVisitorTest:testTextSymbolizer
115,348,org.geotools.styling.visitor.RescaleStyleVisitorTest:testTextSymbolizer
116,348,org.geotools.styling.visitor.RescaleStyleVisitorTest:testTextSymbolizer
117,348,org.geotools.styling.visitor.RescaleStyleVisitorTest:testTextSymbolizer
118,349,org.geotools.styling.visitor.RescaleStyleVisitorTest:testTextSymbolizer
119,349,org.geotools.styling.visitor.RescaleStyleVisitorTest:testTextSymbolizer
120,349,org.geotools.styling.visitor.RescaleStyleVisitorTest:testTextSymbolizer
121,350,org.geotools.styling.visitor.RescaleStyleVisitorTest:testTextSymbolizer
122,350,org.geotools.styling.visitor.RescaleStyleVisitorTest:testTextSymbolizer
123,350,org.geotools.styling.visitor.RescaleStyleVisitorTest:testTextSymbolizer
124,350,org.geotools.styling.visitor.RescaleStyleVisitorTest:testTextSymbolizer
125,350,org.geotools.styling.visitor.RescaleStyleVisitorTest:testTextSymbolizer
126,350,org.geotools.styling.visitor.RescaleStyleVisitorTest:testTextSymbolizer
127,351,org.geotools.styling.visitor.RescaleStyleVisitorTest:testTextSymbolizer
0,85,org.geotools.styling.visitor.RescaleStyleVisitorTest:testRescaleLocalPixelInMetersSymbolizer
128,351,org.geotools.styling.visitor.RescaleStyleVisitorTest:testRescaleLocalPixelInMetersSymbolizer
1,93,org.geotools.styling.visitor.RescaleStyleVisitorTest:testRescaleLocalPixelInMetersSymbolizer
129,351,org.geotools.styling.visitor.RescaleStyleVisitorTest:testRescaleLocalPixelInMetersSymbolizer
2,110,org.geotools.styling.visitor.RescaleStyleVisitorTest:testRescaleLocalPixelInMetersSymbolizer
130,351,org.geotools.styling.visitor.RescaleStyleVisitorTest:testRescaleLocalPixelInMetersSymbolizer
3,113,org.geotools.styling.visitor.RescaleStyleVisitorTest:testRescaleLocalPixelInMetersSymbolizer
131,351,org.geotools.styling.visitor.RescaleStyleVisitorTest:testRescaleLocalPixelInMetersSymbolizer
132,351,org.geotools.styling.visitor.RescaleStyleVisitorTest:testRescaleLocalPixelInMetersSymbolizer
4,125,org.geotools.styling.visitor.RescaleStyleVisitorTest:testRescaleLocalPixelInMetersSymbolizer
133,351,org.geotools.styling.visitor.RescaleStyleVisitorTest:testRescaleLocalPixelInMetersSymbolizer
5,125,org.geotools.styling.visitor.RescaleStyleVisitorTest:testRescaleLocalPixelInMetersSymbolizer
134,351,org.geotools.styling.visitor.RescaleStyleVisitorTest:testRescaleLocalPixelInMetersSymbolizer
6,125,org.geotools.styling.visitor.RescaleStyleVisitorTest:testRescaleLocalPixelInMetersSymbolizer
135,365,org.geotools.styling.visitor.RescaleStyleVisitorTest:testRescaleLocalPixelInMetersSymbolizer
7,125,org.geotools.styling.visitor.RescaleStyleVisitorTest:testRescaleLocalPixelInMetersSymbolizer
136,367,org.geotools.styling.visitor.RescaleStyleVisitorTest:testRescaleLocalPixelInMetersSymbolizer
8,129,org.geotools.styling.visitor.RescaleStyleVisitorTest:testRescaleLocalPixelInMetersSymbolizer
137,369,org.geotools.styling.visitor.RescaleStyleVisitorTest:testRescaleLocalPixelInMetersSymbolizer
9,129,org.geotools.styling.visitor.RescaleStyleVisitorTest:testRescaleLocalPixelInMetersSymbolizer
138,369,org.geotools.styling.visitor.RescaleStyleVisitorTest:testRescaleLocalPixelInMetersSymbolizer
10,129,org.geotools.styling.visitor.RescaleStyleVisitorTest:testRescaleLocalPixelInMetersSymbolizer
139,369,org.geotools.styling.visitor.RescaleStyleVisitorTest:testRescaleLocalPixelInMetersSymbolizer
140,369,org.geotools.styling.visitor.RescaleStyleVisitorTest:testRescaleLocalPixelInMetersSymbolizer
141,370,org.geotools.styling.visitor.RescaleStyleVisitorTest:testRescaleLocalPixelInMetersSymbolizer
142,370,org.geotools.styling.visitor.RescaleStyleVisitorTest:testRescaleLocalPixelInMetersSymbolizer
143,370,org.geotools.styling.visitor.RescaleStyleVisitorTest:testRescaleLocalPixelInMetersSymbolizer
144,370,org.geotools.styling.visitor.RescaleStyleVisitorTest:testRescaleLocalPixelInMetersSymbolizer
145,370,org.geotools.styling.visitor.RescaleStyleVisitorTest:testRescaleLocalPixelInMetersSymbolizer
146,371,org.geotools.styling.visitor.RescaleStyleVisitorTest:testRescaleLocalPixelInMetersSymbolizer
147,371,org.geotools.styling.visitor.RescaleStyleVisitorTest:testRescaleLocalPixelInMetersSymbolizer
148,373,org.geotools.styling.visitor.RescaleStyleVisitorTest:testRescaleLocalPixelInMetersSymbolizer
149,373,org.geotools.styling.visitor.RescaleStyleVisitorTest:testRescaleLocalPixelInMetersSymbolizer
150,373,org.geotools.styling.visitor.RescaleStyleVisitorTest:testRescaleLocalPixelInMetersSymbolizer
151,373,org.geotools.styling.visitor.RescaleStyleVisitorTest:testRescaleLocalPixelInMetersSymbolizer
152,373,org.geotools.styling.visitor.RescaleStyleVisitorTest:testRescaleLocalPixelInMetersSymbolizer
67,224,org.geotools.styling.visitor.RescaleStyleVisitorTest:testRescaleLocalPixelInMetersSymbolizer
68,224,org.geotools.styling.visitor.RescaleStyleVisitorTest:testRescaleLocalPixelInMetersSymbolizer
69,224,org.geotools.styling.visitor.RescaleStyleVisitorTest:testRescaleLocalPixelInMetersSymbolizer
71,232,org.geotools.styling.visitor.RescaleStyleVisitorTest:testRescaleLocalPixelInMetersSymbolizer
72,232,org.geotools.styling.visitor.RescaleStyleVisitorTest:testRescaleLocalPixelInMetersSymbolizer
73,232,org.geotools.styling.visitor.RescaleStyleVisitorTest:testRescaleLocalPixelInMetersSymbolizer
74,236,org.geotools.styling.visitor.RescaleStyleVisitorTest:testRescaleLocalPixelInMetersSymbolizer
78,251,org.geotools.styling.visitor.RescaleStyleVisitorTest:testRescaleLocalPixelInMetersSymbolizer
79,257,org.geotools.styling.visitor.RescaleStyleVisitorTest:testRescaleLocalPixelInMetersSymbolizer
80,257,org.geotools.styling.visitor.RescaleStyleVisitorTest:testRescaleLocalPixelInMetersSymbolizer
81,258,org.geotools.styling.visitor.RescaleStyleVisitorTest:testRescaleLocalPixelInMetersSymbolizer
82,258,org.geotools.styling.visitor.RescaleStyleVisitorTest:testRescaleLocalPixelInMetersSymbolizer
83,259,org.geotools.styling.visitor.RescaleStyleVisitorTest:testRescaleLocalPixelInMetersSymbolizer
84,259,org.geotools.styling.visitor.RescaleStyleVisitorTest:testRescaleLocalPixelInMetersSymbolizer
85,259,org.geotools.styling.visitor.RescaleStyleVisitorTest:testRescaleLocalPixelInMetersSymbolizer
86,259,org.geotools.styling.visitor.RescaleStyleVisitorTest:testRescaleLocalPixelInMetersSymbolizer
87,260,org.geotools.styling.visitor.RescaleStyleVisitorTest:testRescaleLocalPixelInMetersSymbolizer
88,260,org.geotools.styling.visitor.RescaleStyleVisitorTest:testRescaleLocalPixelInMetersSymbolizer
89,261,org.geotools.styling.visitor.RescaleStyleVisitorTest:testRescaleLocalPixelInMetersSymbolizer
90,261,org.geotools.styling.visitor.RescaleStyleVisitorTest:testRescaleLocalPixelInMetersSymbolizer
91,262,org.geotools.styling.visitor.RescaleStyleVisitorTest:testRescaleLocalPixelInMetersSymbolizer
92,262,org.geotools.styling.visitor.RescaleStyleVisitorTest:testRescaleLocalPixelInMetersSymbolizer
112,347,org.geotools.styling.visitor.RescaleStyleVisitorTest:testRescaleLocalPixelInMetersSymbolizer
113,348,org.geotools.styling.visitor.RescaleStyleVisitorTest:testRescaleLocalPixelInMetersSymbolizer
114,348,org.geotools.styling.visitor.RescaleStyleVisitorTest:testRescaleLocalPixelInMetersSymbolizer
115,348,org.geotools.styling.visitor.RescaleStyleVisitorTest:testRescaleLocalPixelInMetersSymbolizer
116,348,org.geotools.styling.visitor.RescaleStyleVisitorTest:testRescaleLocalPixelInMetersSymbolizer
117,348,org.geotools.styling.visitor.RescaleStyleVisitorTest:testRescaleLocalPixelInMetersSymbolizer
118,349,org.geotools.styling.visitor.RescaleStyleVisitorTest:testRescaleLocalPixelInMetersSymbolizer
119,349,org.geotools.styling.visitor.RescaleStyleVisitorTest:testRescaleLocalPixelInMetersSymbolizer
120,349,org.geotools.styling.visitor.RescaleStyleVisitorTest:testRescaleLocalPixelInMetersSymbolizer
121,350,org.geotools.styling.visitor.RescaleStyleVisitorTest:testRescaleLocalPixelInMetersSymbolizer
122,350,org.geotools.styling.visitor.RescaleStyleVisitorTest:testRescaleLocalPixelInMetersSymbolizer
123,350,org.geotools.styling.visitor.RescaleStyleVisitorTest:testRescaleLocalPixelInMetersSymbolizer
124,350,org.geotools.styling.visitor.RescaleStyleVisitorTest:testRescaleLocalPixelInMetersSymbolizer
125,350,org.geotools.styling.visitor.RescaleStyleVisitorTest:testRescaleLocalPixelInMetersSymbolizer
126,350,org.geotools.styling.visitor.RescaleStyleVisitorTest:testRescaleLocalPixelInMetersSymbolizer
127,351,org.geotools.styling.visitor.RescaleStyleVisitorTest:testRescaleLocalPixelInMetersSymbolizer
0,85,org.geotools.styling.visitor.RescaleStyleVisitorTest:testRescaleGraphicFillStrokes
1,93,org.geotools.styling.visitor.RescaleStyleVisitorTest:testRescaleGraphicFillStrokes
2,110,org.geotools.styling.visitor.RescaleStyleVisitorTest:testRescaleGraphicFillStrokes
3,113,org.geotools.styling.visitor.RescaleStyleVisitorTest:testRescaleGraphicFillStrokes
4,125,org.geotools.styling.visitor.RescaleStyleVisitorTest:testRescaleGraphicFillStrokes
5,125,org.geotools.styling.visitor.RescaleStyleVisitorTest:testRescaleGraphicFillStrokes
6,125,org.geotools.styling.visitor.RescaleStyleVisitorTest:testRescaleGraphicFillStrokes
7,125,org.geotools.styling.visitor.RescaleStyleVisitorTest:testRescaleGraphicFillStrokes
8,129,org.geotools.styling.visitor.RescaleStyleVisitorTest:testRescaleGraphicFillStrokes
9,129,org.geotools.styling.visitor.RescaleStyleVisitorTest:testRescaleGraphicFillStrokes
10,129,org.geotools.styling.visitor.RescaleStyleVisitorTest:testRescaleGraphicFillStrokes
11,161,org.geotools.styling.visitor.RescaleStyleVisitorTest:testRescaleGraphicFillStrokes
12,167,org.geotools.styling.visitor.RescaleStyleVisitorTest:testRescaleGraphicFillStrokes
13,176,org.geotools.styling.visitor.RescaleStyleVisitorTest:testRescaleGraphicFillStrokes
14,176,org.geotools.styling.visitor.RescaleStyleVisitorTest:testRescaleGraphicFillStrokes
15,176,org.geotools.styling.visitor.RescaleStyleVisitorTest:testRescaleGraphicFillStrokes
16,176,org.geotools.styling.visitor.RescaleStyleVisitorTest:testRescaleGraphicFillStrokes
17,176,org.geotools.styling.visitor.RescaleStyleVisitorTest:testRescaleGraphicFillStrokes
18,176,org.geotools.styling.visitor.RescaleStyleVisitorTest:testRescaleGraphicFillStrokes
19,176,org.geotools.styling.visitor.RescaleStyleVisitorTest:testRescaleGraphicFillStrokes
20,176,org.geotools.styling.visitor.RescaleStyleVisitorTest:testRescaleGraphicFillStrokes
21,176,org.geotools.styling.visitor.RescaleStyleVisitorTest:testRescaleGraphicFillStrokes
22,176,org.geotools.styling.visitor.RescaleStyleVisitorTest:testRescaleGraphicFillStrokes
30,183,org.geotools.styling.visitor.RescaleStyleVisitorTest:testRescaleGraphicFillStrokes
31,183,org.geotools.styling.visitor.RescaleStyleVisitorTest:testRescaleGraphicFillStrokes
32,183,org.geotools.styling.visitor.RescaleStyleVisitorTest:testRescaleGraphicFillStrokes
33,183,org.geotools.styling.visitor.RescaleStyleVisitorTest:testRescaleGraphicFillStrokes
34,183,org.geotools.styling.visitor.RescaleStyleVisitorTest:testRescaleGraphicFillStrokes
35,183,org.geotools.styling.visitor.RescaleStyleVisitorTest:testRescaleGraphicFillStrokes
36,183,org.geotools.styling.visitor.RescaleStyleVisitorTest:testRescaleGraphicFillStrokes
37,183,org.geotools.styling.visitor.RescaleStyleVisitorTest:testRescaleGraphicFillStrokes
38,183,org.geotools.styling.visitor.RescaleStyleVisitorTest:testRescaleGraphicFillStrokes
39,183,org.geotools.styling.visitor.RescaleStyleVisitorTest:testRescaleGraphicFillStrokes
40,184,org.geotools.styling.visitor.RescaleStyleVisitorTest:testRescaleGraphicFillStrokes
41,184,org.geotools.styling.visitor.RescaleStyleVisitorTest:testRescaleGraphicFillStrokes
42,184,org.geotools.styling.visitor.RescaleStyleVisitorTest:testRescaleGraphicFillStrokes
43,184,org.geotools.styling.visitor.RescaleStyleVisitorTest:testRescaleGraphicFillStrokes
44,184,org.geotools.styling.visitor.RescaleStyleVisitorTest:testRescaleGraphicFillStrokes
45,184,org.geotools.styling.visitor.RescaleStyleVisitorTest:testRescaleGraphicFillStrokes
46,183,org.geotools.styling.visitor.RescaleStyleVisitorTest:testRescaleGraphicFillStrokes
47,193,org.geotools.styling.visitor.RescaleStyleVisitorTest:testRescaleGraphicFillStrokes
48,193,org.geotools.styling.visitor.RescaleStyleVisitorTest:testRescaleGraphicFillStrokes
49,193,org.geotools.styling.visitor.RescaleStyleVisitorTest:testRescaleGraphicFillStrokes
50,195,org.geotools.styling.visitor.RescaleStyleVisitorTest:testRescaleGraphicFillStrokes
51,195,org.geotools.styling.visitor.RescaleStyleVisitorTest:testRescaleGraphicFillStrokes
52,195,org.geotools.styling.visitor.RescaleStyleVisitorTest:testRescaleGraphicFillStrokes
53,195,org.geotools.styling.visitor.RescaleStyleVisitorTest:testRescaleGraphicFillStrokes
54,195,org.geotools.styling.visitor.RescaleStyleVisitorTest:testRescaleGraphicFillStrokes
55,195,org.geotools.styling.visitor.RescaleStyleVisitorTest:testRescaleGraphicFillStrokes
56,195,org.geotools.styling.visitor.RescaleStyleVisitorTest:testRescaleGraphicFillStrokes
57,195,org.geotools.styling.visitor.RescaleStyleVisitorTest:testRescaleGraphicFillStrokes
58,195,org.geotools.styling.visitor.RescaleStyleVisitorTest:testRescaleGraphicFillStrokes
59,195,org.geotools.styling.visitor.RescaleStyleVisitorTest:testRescaleGraphicFillStrokes
60,196,org.geotools.styling.visitor.RescaleStyleVisitorTest:testRescaleGraphicFillStrokes
61,196,org.geotools.styling.visitor.RescaleStyleVisitorTest:testRescaleGraphicFillStrokes
62,196,org.geotools.styling.visitor.RescaleStyleVisitorTest:testRescaleGraphicFillStrokes
63,196,org.geotools.styling.visitor.RescaleStyleVisitorTest:testRescaleGraphicFillStrokes
64,196,org.geotools.styling.visitor.RescaleStyleVisitorTest:testRescaleGraphicFillStrokes
65,196,org.geotools.styling.visitor.RescaleStyleVisitorTest:testRescaleGraphicFillStrokes
66,195,org.geotools.styling.visitor.RescaleStyleVisitorTest:testRescaleGraphicFillStrokes
0,85,org.geotools.styling.visitor.RescaleStyleVisitorTest:testTextSymbolizerArraySingleValue
1,93,org.geotools.styling.visitor.RescaleStyleVisitorTest:testTextSymbolizerArraySingleValue
2,110,org.geotools.styling.visitor.RescaleStyleVisitorTest:testTextSymbolizerArraySingleValue
3,113,org.geotools.styling.visitor.RescaleStyleVisitorTest:testTextSymbolizerArraySingleValue
4,125,org.geotools.styling.visitor.RescaleStyleVisitorTest:testTextSymbolizerArraySingleValue
11,161,org.geotools.styling.visitor.RescaleStyleVisitorTest:testTextSymbolizerArraySingleValue
12,167,org.geotools.styling.visitor.RescaleStyleVisitorTest:testTextSymbolizerArraySingleValue
13,176,org.geotools.styling.visitor.RescaleStyleVisitorTest:testTextSymbolizerArraySingleValue
14,176,org.geotools.styling.visitor.RescaleStyleVisitorTest:testTextSymbolizerArraySingleValue
15,176,org.geotools.styling.visitor.RescaleStyleVisitorTest:testTextSymbolizerArraySingleValue
16,176,org.geotools.styling.visitor.RescaleStyleVisitorTest:testTextSymbolizerArraySingleValue
17,176,org.geotools.styling.visitor.RescaleStyleVisitorTest:testTextSymbolizerArraySingleValue
18,176,org.geotools.styling.visitor.RescaleStyleVisitorTest:testTextSymbolizerArraySingleValue
19,176,org.geotools.styling.visitor.RescaleStyleVisitorTest:testTextSymbolizerArraySingleValue
20,176,org.geotools.styling.visitor.RescaleStyleVisitorTest:testTextSymbolizerArraySingleValue
21,176,org.geotools.styling.visitor.RescaleStyleVisitorTest:testTextSymbolizerArraySingleValue
22,176,org.geotools.styling.visitor.RescaleStyleVisitorTest:testTextSymbolizerArraySingleValue
30,183,org.geotools.styling.visitor.RescaleStyleVisitorTest:testTextSymbolizerArraySingleValue
31,183,org.geotools.styling.visitor.RescaleStyleVisitorTest:testTextSymbolizerArraySingleValue
32,183,org.geotools.styling.visitor.RescaleStyleVisitorTest:testTextSymbolizerArraySingleValue
33,183,org.geotools.styling.visitor.RescaleStyleVisitorTest:testTextSymbolizerArraySingleValue
34,183,org.geotools.styling.visitor.RescaleStyleVisitorTest:testTextSymbolizerArraySingleValue
35,183,org.geotools.styling.visitor.RescaleStyleVisitorTest:testTextSymbolizerArraySingleValue
36,183,org.geotools.styling.visitor.RescaleStyleVisitorTest:testTextSymbolizerArraySingleValue
37,183,org.geotools.styling.visitor.RescaleStyleVisitorTest:testTextSymbolizerArraySingleValue
38,183,org.geotools.styling.visitor.RescaleStyleVisitorTest:testTextSymbolizerArraySingleValue
39,183,org.geotools.styling.visitor.RescaleStyleVisitorTest:testTextSymbolizerArraySingleValue
40,184,org.geotools.styling.visitor.RescaleStyleVisitorTest:testTextSymbolizerArraySingleValue
41,184,org.geotools.styling.visitor.RescaleStyleVisitorTest:testTextSymbolizerArraySingleValue
42,184,org.geotools.styling.visitor.RescaleStyleVisitorTest:testTextSymbolizerArraySingleValue
43,184,org.geotools.styling.visitor.RescaleStyleVisitorTest:testTextSymbolizerArraySingleValue
44,184,org.geotools.styling.visitor.RescaleStyleVisitorTest:testTextSymbolizerArraySingleValue
45,184,org.geotools.styling.visitor.RescaleStyleVisitorTest:testTextSymbolizerArraySingleValue
46,183,org.geotools.styling.visitor.RescaleStyleVisitorTest:testTextSymbolizerArraySingleValue
47,193,org.geotools.styling.visitor.RescaleStyleVisitorTest:testTextSymbolizerArraySingleValue
48,193,org.geotools.styling.visitor.RescaleStyleVisitorTest:testTextSymbolizerArraySingleValue
49,193,org.geotools.styling.visitor.RescaleStyleVisitorTest:testTextSymbolizerArraySingleValue
50,195,org.geotools.styling.visitor.RescaleStyleVisitorTest:testTextSymbolizerArraySingleValue
51,195,org.geotools.styling.visitor.RescaleStyleVisitorTest:testTextSymbolizerArraySingleValue
52,195,org.geotools.styling.visitor.RescaleStyleVisitorTest:testTextSymbolizerArraySingleValue
53,195,org.geotools.styling.visitor.RescaleStyleVisitorTest:testTextSymbolizerArraySingleValue
54,195,org.geotools.styling.visitor.RescaleStyleVisitorTest:testTextSymbolizerArraySingleValue
55,195,org.geotools.styling.visitor.RescaleStyleVisitorTest:testTextSymbolizerArraySingleValue
56,195,org.geotools.styling.visitor.RescaleStyleVisitorTest:testTextSymbolizerArraySingleValue
57,195,org.geotools.styling.visitor.RescaleStyleVisitorTest:testTextSymbolizerArraySingleValue
58,195,org.geotools.styling.visitor.RescaleStyleVisitorTest:testTextSymbolizerArraySingleValue
59,195,org.geotools.styling.visitor.RescaleStyleVisitorTest:testTextSymbolizerArraySingleValue
60,196,org.geotools.styling.visitor.RescaleStyleVisitorTest:testTextSymbolizerArraySingleValue
61,196,org.geotools.styling.visitor.RescaleStyleVisitorTest:testTextSymbolizerArraySingleValue
62,196,org.geotools.styling.visitor.RescaleStyleVisitorTest:testTextSymbolizerArraySingleValue
63,196,org.geotools.styling.visitor.RescaleStyleVisitorTest:testTextSymbolizerArraySingleValue
64,196,org.geotools.styling.visitor.RescaleStyleVisitorTest:testTextSymbolizerArraySingleValue
65,196,org.geotools.styling.visitor.RescaleStyleVisitorTest:testTextSymbolizerArraySingleValue
66,195,org.geotools.styling.visitor.RescaleStyleVisitorTest:testTextSymbolizerArraySingleValue
67,224,org.geotools.styling.visitor.RescaleStyleVisitorTest:testTextSymbolizerArraySingleValue
68,224,org.geotools.styling.visitor.RescaleStyleVisitorTest:testTextSymbolizerArraySingleValue
69,224,org.geotools.styling.visitor.RescaleStyleVisitorTest:testTextSymbolizerArraySingleValue
71,232,org.geotools.styling.visitor.RescaleStyleVisitorTest:testTextSymbolizerArraySingleValue
72,232,org.geotools.styling.visitor.RescaleStyleVisitorTest:testTextSymbolizerArraySingleValue
73,232,org.geotools.styling.visitor.RescaleStyleVisitorTest:testTextSymbolizerArraySingleValue
74,236,org.geotools.styling.visitor.RescaleStyleVisitorTest:testTextSymbolizerArraySingleValue
78,251,org.geotools.styling.visitor.RescaleStyleVisitorTest:testTextSymbolizerArraySingleValue
79,257,org.geotools.styling.visitor.RescaleStyleVisitorTest:testTextSymbolizerArraySingleValue
80,257,org.geotools.styling.visitor.RescaleStyleVisitorTest:testTextSymbolizerArraySingleValue
81,258,org.geotools.styling.visitor.RescaleStyleVisitorTest:testTextSymbolizerArraySingleValue
82,258,org.geotools.styling.visitor.RescaleStyleVisitorTest:testTextSymbolizerArraySingleValue
83,259,org.geotools.styling.visitor.RescaleStyleVisitorTest:testTextSymbolizerArraySingleValue
84,259,org.geotools.styling.visitor.RescaleStyleVisitorTest:testTextSymbolizerArraySingleValue
85,259,org.geotools.styling.visitor.RescaleStyleVisitorTest:testTextSymbolizerArraySingleValue
86,259,org.geotools.styling.visitor.RescaleStyleVisitorTest:testTextSymbolizerArraySingleValue
87,260,org.geotools.styling.visitor.RescaleStyleVisitorTest:testTextSymbolizerArraySingleValue
88,260,org.geotools.styling.visitor.RescaleStyleVisitorTest:testTextSymbolizerArraySingleValue
89,261,org.geotools.styling.visitor.RescaleStyleVisitorTest:testTextSymbolizerArraySingleValue
90,261,org.geotools.styling.visitor.RescaleStyleVisitorTest:testTextSymbolizerArraySingleValue
91,262,org.geotools.styling.visitor.RescaleStyleVisitorTest:testTextSymbolizerArraySingleValue
92,262,org.geotools.styling.visitor.RescaleStyleVisitorTest:testTextSymbolizerArraySingleValue
112,347,org.geotools.styling.visitor.RescaleStyleVisitorTest:testTextSymbolizerArraySingleValue
121,350,org.geotools.styling.visitor.RescaleStyleVisitorTest:testTextSymbolizerArraySingleValue
122,350,org.geotools.styling.visitor.RescaleStyleVisitorTest:testTextSymbolizerArraySingleValue
123,350,org.geotools.styling.visitor.RescaleStyleVisitorTest:testTextSymbolizerArraySingleValue
124,350,org.geotools.styling.visitor.RescaleStyleVisitorTest:testTextSymbolizerArraySingleValue
125,350,org.geotools.styling.visitor.RescaleStyleVisitorTest:testTextSymbolizerArraySingleValue
126,350,org.geotools.styling.visitor.RescaleStyleVisitorTest:testTextSymbolizerArraySingleValue
127,351,org.geotools.styling.visitor.RescaleStyleVisitorTest:testTextSymbolizerArraySingleValue
128,351,org.geotools.styling.visitor.RescaleStyleVisitorTest:testTextSymbolizerArraySingleValue
129,351,org.geotools.styling.visitor.RescaleStyleVisitorTest:testTextSymbolizerArraySingleValue
130,351,org.geotools.styling.visitor.RescaleStyleVisitorTest:testTextSymbolizerArraySingleValue
131,351,org.geotools.styling.visitor.RescaleStyleVisitorTest:testTextSymbolizerArraySingleValue
132,351,org.geotools.styling.visitor.RescaleStyleVisitorTest:testTextSymbolizerArraySingleValue
133,351,org.geotools.styling.visitor.RescaleStyleVisitorTest:testTextSymbolizerArraySingleValue
134,351,org.geotools.styling.visitor.RescaleStyleVisitorTest:testTextSymbolizerArraySingleValue
135,365,org.geotools.styling.visitor.RescaleStyleVisitorTest:testTextSymbolizerArraySingleValue
136,367,org.geotools.styling.visitor.RescaleStyleVisitorTest:testTextSymbolizerArraySingleValue
137,369,org.geotools.styling.visitor.RescaleStyleVisitorTest:testTextSymbolizerArraySingleValue
138,369,org.geotools.styling.visitor.RescaleStyleVisitorTest:testTextSymbolizerArraySingleValue
139,369,org.geotools.styling.visitor.RescaleStyleVisitorTest:testTextSymbolizerArraySingleValue
140,369,org.geotools.styling.visitor.RescaleStyleVisitorTest:testTextSymbolizerArraySingleValue
141,370,org.geotools.styling.visitor.RescaleStyleVisitorTest:testTextSymbolizerArraySingleValue
142,370,org.geotools.styling.visitor.RescaleStyleVisitorTest:testTextSymbolizerArraySingleValue
143,370,org.geotools.styling.visitor.RescaleStyleVisitorTest:testTextSymbolizerArraySingleValue
144,370,org.geotools.styling.visitor.RescaleStyleVisitorTest:testTextSymbolizerArraySingleValue
145,370,org.geotools.styling.visitor.RescaleStyleVisitorTest:testTextSymbolizerArraySingleValue
146,371,org.geotools.styling.visitor.RescaleStyleVisitorTest:testTextSymbolizerArraySingleValue
147,371,org.geotools.styling.visitor.RescaleStyleVisitorTest:testTextSymbolizerArraySingleValue
148,373,org.geotools.styling.visitor.RescaleStyleVisitorTest:testTextSymbolizerArraySingleValue
149,373,org.geotools.styling.visitor.RescaleStyleVisitorTest:testTextSymbolizerArraySingleValue
150,373,org.geotools.styling.visitor.RescaleStyleVisitorTest:testTextSymbolizerArraySingleValue
151,373,org.geotools.styling.visitor.RescaleStyleVisitorTest:testTextSymbolizerArraySingleValue
152,373,org.geotools.styling.visitor.RescaleStyleVisitorTest:testTextSymbolizerArraySingleValue
0,85,org.geotools.styling.visitor.RescaleStyleVisitorTest:testRescaleLocalPixelInPixelSymbolizer
128,351,org.geotools.styling.visitor.RescaleStyleVisitorTest:testRescaleLocalPixelInPixelSymbolizer
1,93,org.geotools.styling.visitor.RescaleStyleVisitorTest:testRescaleLocalPixelInPixelSymbolizer
129,351,org.geotools.styling.visitor.RescaleStyleVisitorTest:testRescaleLocalPixelInPixelSymbolizer
2,110,org.geotools.styling.visitor.RescaleStyleVisitorTest:testRescaleLocalPixelInPixelSymbolizer
130,351,org.geotools.styling.visitor.RescaleStyleVisitorTest:testRescaleLocalPixelInPixelSymbolizer
3,113,org.geotools.styling.visitor.RescaleStyleVisitorTest:testRescaleLocalPixelInPixelSymbolizer
131,351,org.geotools.styling.visitor.RescaleStyleVisitorTest:testRescaleLocalPixelInPixelSymbolizer
132,351,org.geotools.styling.visitor.RescaleStyleVisitorTest:testRescaleLocalPixelInPixelSymbolizer
4,125,org.geotools.styling.visitor.RescaleStyleVisitorTest:testRescaleLocalPixelInPixelSymbolizer
133,351,org.geotools.styling.visitor.RescaleStyleVisitorTest:testRescaleLocalPixelInPixelSymbolizer
5,125,org.geotools.styling.visitor.RescaleStyleVisitorTest:testRescaleLocalPixelInPixelSymbolizer
134,351,org.geotools.styling.visitor.RescaleStyleVisitorTest:testRescaleLocalPixelInPixelSymbolizer
6,125,org.geotools.styling.visitor.RescaleStyleVisitorTest:testRescaleLocalPixelInPixelSymbolizer
135,365,org.geotools.styling.visitor.RescaleStyleVisitorTest:testRescaleLocalPixelInPixelSymbolizer
7,125,org.geotools.styling.visitor.RescaleStyleVisitorTest:testRescaleLocalPixelInPixelSymbolizer
136,367,org.geotools.styling.visitor.RescaleStyleVisitorTest:testRescaleLocalPixelInPixelSymbolizer
8,129,org.geotools.styling.visitor.RescaleStyleVisitorTest:testRescaleLocalPixelInPixelSymbolizer
137,369,org.geotools.styling.visitor.RescaleStyleVisitorTest:testRescaleLocalPixelInPixelSymbolizer
9,129,org.geotools.styling.visitor.RescaleStyleVisitorTest:testRescaleLocalPixelInPixelSymbolizer
138,369,org.geotools.styling.visitor.RescaleStyleVisitorTest:testRescaleLocalPixelInPixelSymbolizer
10,129,org.geotools.styling.visitor.RescaleStyleVisitorTest:testRescaleLocalPixelInPixelSymbolizer
139,369,org.geotools.styling.visitor.RescaleStyleVisitorTest:testRescaleLocalPixelInPixelSymbolizer
140,369,org.geotools.styling.visitor.RescaleStyleVisitorTest:testRescaleLocalPixelInPixelSymbolizer
141,370,org.geotools.styling.visitor.RescaleStyleVisitorTest:testRescaleLocalPixelInPixelSymbolizer
142,370,org.geotools.styling.visitor.RescaleStyleVisitorTest:testRescaleLocalPixelInPixelSymbolizer
143,370,org.geotools.styling.visitor.RescaleStyleVisitorTest:testRescaleLocalPixelInPixelSymbolizer
144,370,org.geotools.styling.visitor.RescaleStyleVisitorTest:testRescaleLocalPixelInPixelSymbolizer
145,370,org.geotools.styling.visitor.RescaleStyleVisitorTest:testRescaleLocalPixelInPixelSymbolizer
146,371,org.geotools.styling.visitor.RescaleStyleVisitorTest:testRescaleLocalPixelInPixelSymbolizer
147,371,org.geotools.styling.visitor.RescaleStyleVisitorTest:testRescaleLocalPixelInPixelSymbolizer
148,373,org.geotools.styling.visitor.RescaleStyleVisitorTest:testRescaleLocalPixelInPixelSymbolizer
149,373,org.geotools.styling.visitor.RescaleStyleVisitorTest:testRescaleLocalPixelInPixelSymbolizer
150,373,org.geotools.styling.visitor.RescaleStyleVisitorTest:testRescaleLocalPixelInPixelSymbolizer
151,373,org.geotools.styling.visitor.RescaleStyleVisitorTest:testRescaleLocalPixelInPixelSymbolizer
152,373,org.geotools.styling.visitor.RescaleStyleVisitorTest:testRescaleLocalPixelInPixelSymbolizer
67,224,org.geotools.styling.visitor.RescaleStyleVisitorTest:testRescaleLocalPixelInPixelSymbolizer
68,224,org.geotools.styling.visitor.RescaleStyleVisitorTest:testRescaleLocalPixelInPixelSymbolizer
69,224,org.geotools.styling.visitor.RescaleStyleVisitorTest:testRescaleLocalPixelInPixelSymbolizer
71,232,org.geotools.styling.visitor.RescaleStyleVisitorTest:testRescaleLocalPixelInPixelSymbolizer
72,232,org.geotools.styling.visitor.RescaleStyleVisitorTest:testRescaleLocalPixelInPixelSymbolizer
73,232,org.geotools.styling.visitor.RescaleStyleVisitorTest:testRescaleLocalPixelInPixelSymbolizer
74,236,org.geotools.styling.visitor.RescaleStyleVisitorTest:testRescaleLocalPixelInPixelSymbolizer
78,251,org.geotools.styling.visitor.RescaleStyleVisitorTest:testRescaleLocalPixelInPixelSymbolizer
79,257,org.geotools.styling.visitor.RescaleStyleVisitorTest:testRescaleLocalPixelInPixelSymbolizer
80,257,org.geotools.styling.visitor.RescaleStyleVisitorTest:testRescaleLocalPixelInPixelSymbolizer
81,258,org.geotools.styling.visitor.RescaleStyleVisitorTest:testRescaleLocalPixelInPixelSymbolizer
82,258,org.geotools.styling.visitor.RescaleStyleVisitorTest:testRescaleLocalPixelInPixelSymbolizer
83,259,org.geotools.styling.visitor.RescaleStyleVisitorTest:testRescaleLocalPixelInPixelSymbolizer
84,259,org.geotools.styling.visitor.RescaleStyleVisitorTest:testRescaleLocalPixelInPixelSymbolizer
85,259,org.geotools.styling.visitor.RescaleStyleVisitorTest:testRescaleLocalPixelInPixelSymbolizer
86,259,org.geotools.styling.visitor.RescaleStyleVisitorTest:testRescaleLocalPixelInPixelSymbolizer
87,260,org.geotools.styling.visitor.RescaleStyleVisitorTest:testRescaleLocalPixelInPixelSymbolizer
88,260,org.geotools.styling.visitor.RescaleStyleVisitorTest:testRescaleLocalPixelInPixelSymbolizer
89,261,org.geotools.styling.visitor.RescaleStyleVisitorTest:testRescaleLocalPixelInPixelSymbolizer
90,261,org.geotools.styling.visitor.RescaleStyleVisitorTest:testRescaleLocalPixelInPixelSymbolizer
91,262,org.geotools.styling.visitor.RescaleStyleVisitorTest:testRescaleLocalPixelInPixelSymbolizer
92,262,org.geotools.styling.visitor.RescaleStyleVisitorTest:testRescaleLocalPixelInPixelSymbolizer
112,347,org.geotools.styling.visitor.RescaleStyleVisitorTest:testRescaleLocalPixelInPixelSymbolizer
121,350,org.geotools.styling.visitor.RescaleStyleVisitorTest:testRescaleLocalPixelInPixelSymbolizer
122,350,org.geotools.styling.visitor.RescaleStyleVisitorTest:testRescaleLocalPixelInPixelSymbolizer
123,350,org.geotools.styling.visitor.RescaleStyleVisitorTest:testRescaleLocalPixelInPixelSymbolizer
124,350,org.geotools.styling.visitor.RescaleStyleVisitorTest:testRescaleLocalPixelInPixelSymbolizer
125,350,org.geotools.styling.visitor.RescaleStyleVisitorTest:testRescaleLocalPixelInPixelSymbolizer
126,350,org.geotools.styling.visitor.RescaleStyleVisitorTest:testRescaleLocalPixelInPixelSymbolizer
127,351,org.geotools.styling.visitor.RescaleStyleVisitorTest:testRescaleLocalPixelInPixelSymbolizer
0,85,org.geotools.styling.visitor.RescaleStyleVisitorTest:testStroke
1,93,org.geotools.styling.visitor.RescaleStyleVisitorTest:testStroke
2,110,org.geotools.styling.visitor.RescaleStyleVisitorTest:testStroke
3,113,org.geotools.styling.visitor.RescaleStyleVisitorTest:testStroke
4,125,org.geotools.styling.visitor.RescaleStyleVisitorTest:testStroke
5,125,org.geotools.styling.visitor.RescaleStyleVisitorTest:testStroke
6,125,org.geotools.styling.visitor.RescaleStyleVisitorTest:testStroke
7,125,org.geotools.styling.visitor.RescaleStyleVisitorTest:testStroke
8,129,org.geotools.styling.visitor.RescaleStyleVisitorTest:testStroke
9,129,org.geotools.styling.visitor.RescaleStyleVisitorTest:testStroke
10,129,org.geotools.styling.visitor.RescaleStyleVisitorTest:testStroke
0,85,org.geotools.styling.visitor.RescaleStyleVisitorTest:testStyleDuplication
1,93,org.geotools.styling.visitor.RescaleStyleVisitorTest:testStyleDuplication
0,85,org.geotools.temporal.reference.DefaultOrdinalEraTest:testGetGroup
1,93,org.geotools.temporal.reference.DefaultOrdinalEraTest:testGetGroup
