0,143,org.apache.commons.lang3.event.EventUtilsTest:testAddEventListenerWithNoAddMethod
1,143,org.apache.commons.lang3.event.EventUtilsTest:testAddEventListenerWithNoAddMethod
2,144,org.apache.commons.lang3.event.EventUtilsTest:testAddEventListenerWithNoAddMethod
3,144,org.apache.commons.lang3.event.EventUtilsTest:testAddEventListenerWithNoAddMethod
4,145,org.apache.commons.lang3.event.EventUtilsTest:testAddEventListenerWithNoAddMethod
5,145,org.apache.commons.lang3.event.EventUtilsTest:testAddEventListenerWithNoAddMethod
6,145,org.apache.commons.lang3.event.EventUtilsTest:testAddEventListenerWithNoAddMethod
24,291,org.apache.commons.lang3.event.EventUtilsTest:testAddEventListenerWithNoAddMethod
25,302,org.apache.commons.lang3.event.EventUtilsTest:testAddEventListenerWithNoAddMethod
26,302,org.apache.commons.lang3.event.EventUtilsTest:testAddEventListenerWithNoAddMethod
0,143,org.apache.commons.lang3.event.EventUtilsTest:testAddEventListener
1,143,org.apache.commons.lang3.event.EventUtilsTest:testAddEventListener
2,144,org.apache.commons.lang3.event.EventUtilsTest:testAddEventListener
3,144,org.apache.commons.lang3.event.EventUtilsTest:testAddEventListener
4,145,org.apache.commons.lang3.event.EventUtilsTest:testAddEventListener
5,145,org.apache.commons.lang3.event.EventUtilsTest:testAddEventListener
6,145,org.apache.commons.lang3.event.EventUtilsTest:testAddEventListener
7,182,org.apache.commons.lang3.event.EventUtilsTest:testAddEventListener
8,197,org.apache.commons.lang3.event.EventUtilsTest:testAddEventListener
9,197,org.apache.commons.lang3.event.EventUtilsTest:testAddEventListener
10,198,org.apache.commons.lang3.event.EventUtilsTest:testAddEventListener
11,198,org.apache.commons.lang3.event.EventUtilsTest:testAddEventListener
12,198,org.apache.commons.lang3.event.EventUtilsTest:testAddEventListener
13,198,org.apache.commons.lang3.event.EventUtilsTest:testAddEventListener
14,198,org.apache.commons.lang3.event.EventUtilsTest:testAddEventListener
15,198,org.apache.commons.lang3.event.EventUtilsTest:testAddEventListener
24,291,org.apache.commons.lang3.event.EventUtilsTest:testAddEventListener
25,302,org.apache.commons.lang3.event.EventUtilsTest:testAddEventListener
26,302,org.apache.commons.lang3.event.EventUtilsTest:testAddEventListener
0,143,org.apache.commons.lang3.event.EventUtilsTest:testBindEventsToMethod
1,143,org.apache.commons.lang3.event.EventUtilsTest:testBindEventsToMethod
2,144,org.apache.commons.lang3.event.EventUtilsTest:testBindEventsToMethod
3,144,org.apache.commons.lang3.event.EventUtilsTest:testBindEventsToMethod
4,145,org.apache.commons.lang3.event.EventUtilsTest:testBindEventsToMethod
5,145,org.apache.commons.lang3.event.EventUtilsTest:testBindEventsToMethod
6,145,org.apache.commons.lang3.event.EventUtilsTest:testBindEventsToMethod
7,182,org.apache.commons.lang3.event.EventUtilsTest:testBindEventsToMethod
8,197,org.apache.commons.lang3.event.EventUtilsTest:testBindEventsToMethod
9,197,org.apache.commons.lang3.event.EventUtilsTest:testBindEventsToMethod
10,198,org.apache.commons.lang3.event.EventUtilsTest:testBindEventsToMethod
11,198,org.apache.commons.lang3.event.EventUtilsTest:testBindEventsToMethod
12,198,org.apache.commons.lang3.event.EventUtilsTest:testBindEventsToMethod
13,198,org.apache.commons.lang3.event.EventUtilsTest:testBindEventsToMethod
14,198,org.apache.commons.lang3.event.EventUtilsTest:testBindEventsToMethod
15,198,org.apache.commons.lang3.event.EventUtilsTest:testBindEventsToMethod
24,291,org.apache.commons.lang3.event.EventUtilsTest:testBindEventsToMethod
25,302,org.apache.commons.lang3.event.EventUtilsTest:testBindEventsToMethod
26,302,org.apache.commons.lang3.event.EventUtilsTest:testBindEventsToMethod
0,143,org.apache.commons.lang3.event.EventUtilsTest:testAddEventListenerWithPrivateAddMethod
1,143,org.apache.commons.lang3.event.EventUtilsTest:testAddEventListenerWithPrivateAddMethod
2,144,org.apache.commons.lang3.event.EventUtilsTest:testAddEventListenerWithPrivateAddMethod
3,144,org.apache.commons.lang3.event.EventUtilsTest:testAddEventListenerWithPrivateAddMethod
4,145,org.apache.commons.lang3.event.EventUtilsTest:testAddEventListenerWithPrivateAddMethod
5,145,org.apache.commons.lang3.event.EventUtilsTest:testAddEventListenerWithPrivateAddMethod
6,145,org.apache.commons.lang3.event.EventUtilsTest:testAddEventListenerWithPrivateAddMethod
24,291,org.apache.commons.lang3.event.EventUtilsTest:testAddEventListenerWithPrivateAddMethod
25,302,org.apache.commons.lang3.event.EventUtilsTest:testAddEventListenerWithPrivateAddMethod
26,302,org.apache.commons.lang3.event.EventUtilsTest:testAddEventListenerWithPrivateAddMethod
0,143,org.apache.commons.lang3.event.EventUtilsTest:testBindFilteredEventsToMethod
1,143,org.apache.commons.lang3.event.EventUtilsTest:testBindFilteredEventsToMethod
2,144,org.apache.commons.lang3.event.EventUtilsTest:testBindFilteredEventsToMethod
3,144,org.apache.commons.lang3.event.EventUtilsTest:testBindFilteredEventsToMethod
4,145,org.apache.commons.lang3.event.EventUtilsTest:testBindFilteredEventsToMethod
5,145,org.apache.commons.lang3.event.EventUtilsTest:testBindFilteredEventsToMethod
6,145,org.apache.commons.lang3.event.EventUtilsTest:testBindFilteredEventsToMethod
7,182,org.apache.commons.lang3.event.EventUtilsTest:testBindFilteredEventsToMethod
8,197,org.apache.commons.lang3.event.EventUtilsTest:testBindFilteredEventsToMethod
9,197,org.apache.commons.lang3.event.EventUtilsTest:testBindFilteredEventsToMethod
10,198,org.apache.commons.lang3.event.EventUtilsTest:testBindFilteredEventsToMethod
11,198,org.apache.commons.lang3.event.EventUtilsTest:testBindFilteredEventsToMethod
12,198,org.apache.commons.lang3.event.EventUtilsTest:testBindFilteredEventsToMethod
13,198,org.apache.commons.lang3.event.EventUtilsTest:testBindFilteredEventsToMethod
14,198,org.apache.commons.lang3.event.EventUtilsTest:testBindFilteredEventsToMethod
15,198,org.apache.commons.lang3.event.EventUtilsTest:testBindFilteredEventsToMethod
24,291,org.apache.commons.lang3.event.EventUtilsTest:testBindFilteredEventsToMethod
25,302,org.apache.commons.lang3.event.EventUtilsTest:testBindFilteredEventsToMethod
26,302,org.apache.commons.lang3.event.EventUtilsTest:testBindFilteredEventsToMethod
0,143,org.apache.commons.lang3.event.EventUtilsTest:testAddEventListenerThrowsException
1,143,org.apache.commons.lang3.event.EventUtilsTest:testAddEventListenerThrowsException
2,144,org.apache.commons.lang3.event.EventUtilsTest:testAddEventListenerThrowsException
3,144,org.apache.commons.lang3.event.EventUtilsTest:testAddEventListenerThrowsException
4,145,org.apache.commons.lang3.event.EventUtilsTest:testAddEventListenerThrowsException
5,145,org.apache.commons.lang3.event.EventUtilsTest:testAddEventListenerThrowsException
6,145,org.apache.commons.lang3.event.EventUtilsTest:testAddEventListenerThrowsException
24,291,org.apache.commons.lang3.event.EventUtilsTest:testAddEventListenerThrowsException
25,302,org.apache.commons.lang3.event.EventUtilsTest:testAddEventListenerThrowsException
26,302,org.apache.commons.lang3.event.EventUtilsTest:testAddEventListenerThrowsException
0,143,org.apache.commons.lang3.event.EventUtilsTest:testBindEventsToMethodWithEvent
1,143,org.apache.commons.lang3.event.EventUtilsTest:testBindEventsToMethodWithEvent
2,144,org.apache.commons.lang3.event.EventUtilsTest:testBindEventsToMethodWithEvent
3,144,org.apache.commons.lang3.event.EventUtilsTest:testBindEventsToMethodWithEvent
4,145,org.apache.commons.lang3.event.EventUtilsTest:testBindEventsToMethodWithEvent
5,145,org.apache.commons.lang3.event.EventUtilsTest:testBindEventsToMethodWithEvent
6,145,org.apache.commons.lang3.event.EventUtilsTest:testBindEventsToMethodWithEvent
7,182,org.apache.commons.lang3.event.EventUtilsTest:testBindEventsToMethodWithEvent
8,197,org.apache.commons.lang3.event.EventUtilsTest:testBindEventsToMethodWithEvent
9,197,org.apache.commons.lang3.event.EventUtilsTest:testBindEventsToMethodWithEvent
10,198,org.apache.commons.lang3.event.EventUtilsTest:testBindEventsToMethodWithEvent
11,198,org.apache.commons.lang3.event.EventUtilsTest:testBindEventsToMethodWithEvent
12,198,org.apache.commons.lang3.event.EventUtilsTest:testBindEventsToMethodWithEvent
13,198,org.apache.commons.lang3.event.EventUtilsTest:testBindEventsToMethodWithEvent
14,198,org.apache.commons.lang3.event.EventUtilsTest:testBindEventsToMethodWithEvent
15,198,org.apache.commons.lang3.event.EventUtilsTest:testBindEventsToMethodWithEvent
24,291,org.apache.commons.lang3.event.EventUtilsTest:testBindEventsToMethodWithEvent
25,302,org.apache.commons.lang3.event.EventUtilsTest:testBindEventsToMethodWithEvent
26,302,org.apache.commons.lang3.event.EventUtilsTest:testBindEventsToMethodWithEvent
0,143,org.apache.commons.lang3.event.EventUtilsTest:testConstructor
1,143,org.apache.commons.lang3.event.EventUtilsTest:testConstructor
2,144,org.apache.commons.lang3.event.EventUtilsTest:testConstructor
3,144,org.apache.commons.lang3.event.EventUtilsTest:testConstructor
4,145,org.apache.commons.lang3.event.EventUtilsTest:testConstructor
5,145,org.apache.commons.lang3.event.EventUtilsTest:testConstructor
6,145,org.apache.commons.lang3.event.EventUtilsTest:testConstructor
24,291,org.apache.commons.lang3.event.EventUtilsTest:testConstructor
25,302,org.apache.commons.lang3.event.EventUtilsTest:testConstructor
26,302,org.apache.commons.lang3.event.EventUtilsTest:testConstructor
0,143,org.apache.commons.lang3.event.EventListenerSupportTest:testRemoveNullListener
1,143,org.apache.commons.lang3.event.EventListenerSupportTest:testRemoveNullListener
2,144,org.apache.commons.lang3.event.EventListenerSupportTest:testRemoveNullListener
3,144,org.apache.commons.lang3.event.EventListenerSupportTest:testRemoveNullListener
19,223,org.apache.commons.lang3.event.EventListenerSupportTest:testRemoveNullListener
4,145,org.apache.commons.lang3.event.EventListenerSupportTest:testRemoveNullListener
20,223,org.apache.commons.lang3.event.EventListenerSupportTest:testRemoveNullListener
5,145,org.apache.commons.lang3.event.EventListenerSupportTest:testRemoveNullListener
6,145,org.apache.commons.lang3.event.EventListenerSupportTest:testRemoveNullListener
24,291,org.apache.commons.lang3.event.EventListenerSupportTest:testRemoveNullListener
25,302,org.apache.commons.lang3.event.EventListenerSupportTest:testRemoveNullListener
26,302,org.apache.commons.lang3.event.EventListenerSupportTest:testRemoveNullListener
0,143,org.apache.commons.lang3.event.EventListenerSupportTest:testAddListenerNoDuplicates
1,143,org.apache.commons.lang3.event.EventListenerSupportTest:testAddListenerNoDuplicates
2,144,org.apache.commons.lang3.event.EventListenerSupportTest:testAddListenerNoDuplicates
3,144,org.apache.commons.lang3.event.EventListenerSupportTest:testAddListenerNoDuplicates
4,145,org.apache.commons.lang3.event.EventListenerSupportTest:testAddListenerNoDuplicates
5,145,org.apache.commons.lang3.event.EventListenerSupportTest:testAddListenerNoDuplicates
6,145,org.apache.commons.lang3.event.EventListenerSupportTest:testAddListenerNoDuplicates
7,182,org.apache.commons.lang3.event.EventListenerSupportTest:testAddListenerNoDuplicates
8,197,org.apache.commons.lang3.event.EventListenerSupportTest:testAddListenerNoDuplicates
9,197,org.apache.commons.lang3.event.EventListenerSupportTest:testAddListenerNoDuplicates
10,198,org.apache.commons.lang3.event.EventListenerSupportTest:testAddListenerNoDuplicates
11,198,org.apache.commons.lang3.event.EventListenerSupportTest:testAddListenerNoDuplicates
12,198,org.apache.commons.lang3.event.EventListenerSupportTest:testAddListenerNoDuplicates
13,198,org.apache.commons.lang3.event.EventListenerSupportTest:testAddListenerNoDuplicates
14,198,org.apache.commons.lang3.event.EventListenerSupportTest:testAddListenerNoDuplicates
15,198,org.apache.commons.lang3.event.EventListenerSupportTest:testAddListenerNoDuplicates
16,200,org.apache.commons.lang3.event.EventListenerSupportTest:testAddListenerNoDuplicates
17,200,org.apache.commons.lang3.event.EventListenerSupportTest:testAddListenerNoDuplicates
18,200,org.apache.commons.lang3.event.EventListenerSupportTest:testAddListenerNoDuplicates
19,223,org.apache.commons.lang3.event.EventListenerSupportTest:testAddListenerNoDuplicates
20,223,org.apache.commons.lang3.event.EventListenerSupportTest:testAddListenerNoDuplicates
24,291,org.apache.commons.lang3.event.EventListenerSupportTest:testAddListenerNoDuplicates
25,302,org.apache.commons.lang3.event.EventListenerSupportTest:testAddListenerNoDuplicates
26,302,org.apache.commons.lang3.event.EventListenerSupportTest:testAddListenerNoDuplicates
0,143,org.apache.commons.lang3.event.EventListenerSupportTest:testRemoveListenerDuringEvent
1,143,org.apache.commons.lang3.event.EventListenerSupportTest:testRemoveListenerDuringEvent
2,144,org.apache.commons.lang3.event.EventListenerSupportTest:testRemoveListenerDuringEvent
3,144,org.apache.commons.lang3.event.EventListenerSupportTest:testRemoveListenerDuringEvent
4,145,org.apache.commons.lang3.event.EventListenerSupportTest:testRemoveListenerDuringEvent
5,145,org.apache.commons.lang3.event.EventListenerSupportTest:testRemoveListenerDuringEvent
6,145,org.apache.commons.lang3.event.EventListenerSupportTest:testRemoveListenerDuringEvent
7,182,org.apache.commons.lang3.event.EventListenerSupportTest:testRemoveListenerDuringEvent
8,197,org.apache.commons.lang3.event.EventListenerSupportTest:testRemoveListenerDuringEvent
9,197,org.apache.commons.lang3.event.EventListenerSupportTest:testRemoveListenerDuringEvent
10,198,org.apache.commons.lang3.event.EventListenerSupportTest:testRemoveListenerDuringEvent
11,198,org.apache.commons.lang3.event.EventListenerSupportTest:testRemoveListenerDuringEvent
12,198,org.apache.commons.lang3.event.EventListenerSupportTest:testRemoveListenerDuringEvent
13,198,org.apache.commons.lang3.event.EventListenerSupportTest:testRemoveListenerDuringEvent
14,198,org.apache.commons.lang3.event.EventListenerSupportTest:testRemoveListenerDuringEvent
15,198,org.apache.commons.lang3.event.EventListenerSupportTest:testRemoveListenerDuringEvent
19,223,org.apache.commons.lang3.event.EventListenerSupportTest:testRemoveListenerDuringEvent
20,223,org.apache.commons.lang3.event.EventListenerSupportTest:testRemoveListenerDuringEvent
24,291,org.apache.commons.lang3.event.EventListenerSupportTest:testRemoveListenerDuringEvent
25,302,org.apache.commons.lang3.event.EventListenerSupportTest:testRemoveListenerDuringEvent
26,302,org.apache.commons.lang3.event.EventListenerSupportTest:testRemoveListenerDuringEvent
0,143,org.apache.commons.lang3.event.EventListenerSupportTest:testSerialization
1,143,org.apache.commons.lang3.event.EventListenerSupportTest:testSerialization
2,144,org.apache.commons.lang3.event.EventListenerSupportTest:testSerialization
3,144,org.apache.commons.lang3.event.EventListenerSupportTest:testSerialization
4,145,org.apache.commons.lang3.event.EventListenerSupportTest:testSerialization
5,145,org.apache.commons.lang3.event.EventListenerSupportTest:testSerialization
6,145,org.apache.commons.lang3.event.EventListenerSupportTest:testSerialization
7,182,org.apache.commons.lang3.event.EventListenerSupportTest:testSerialization
8,197,org.apache.commons.lang3.event.EventListenerSupportTest:testSerialization
9,197,org.apache.commons.lang3.event.EventListenerSupportTest:testSerialization
10,198,org.apache.commons.lang3.event.EventListenerSupportTest:testSerialization
11,198,org.apache.commons.lang3.event.EventListenerSupportTest:testSerialization
12,198,org.apache.commons.lang3.event.EventListenerSupportTest:testSerialization
13,198,org.apache.commons.lang3.event.EventListenerSupportTest:testSerialization
14,198,org.apache.commons.lang3.event.EventListenerSupportTest:testSerialization
15,198,org.apache.commons.lang3.event.EventListenerSupportTest:testSerialization
19,223,org.apache.commons.lang3.event.EventListenerSupportTest:testSerialization
20,223,org.apache.commons.lang3.event.EventListenerSupportTest:testSerialization
21,247,org.apache.commons.lang3.event.EventListenerSupportTest:testSerialization
22,247,org.apache.commons.lang3.event.EventListenerSupportTest:testSerialization
23,247,org.apache.commons.lang3.event.EventListenerSupportTest:testSerialization
24,291,org.apache.commons.lang3.event.EventListenerSupportTest:testSerialization
25,302,org.apache.commons.lang3.event.EventListenerSupportTest:testSerialization
26,302,org.apache.commons.lang3.event.EventListenerSupportTest:testSerialization
0,143,org.apache.commons.lang3.event.EventListenerSupportTest:testAddNullListener
1,143,org.apache.commons.lang3.event.EventListenerSupportTest:testAddNullListener
2,144,org.apache.commons.lang3.event.EventListenerSupportTest:testAddNullListener
3,144,org.apache.commons.lang3.event.EventListenerSupportTest:testAddNullListener
4,145,org.apache.commons.lang3.event.EventListenerSupportTest:testAddNullListener
5,145,org.apache.commons.lang3.event.EventListenerSupportTest:testAddNullListener
6,145,org.apache.commons.lang3.event.EventListenerSupportTest:testAddNullListener
7,182,org.apache.commons.lang3.event.EventListenerSupportTest:testAddNullListener
8,197,org.apache.commons.lang3.event.EventListenerSupportTest:testAddNullListener
9,197,org.apache.commons.lang3.event.EventListenerSupportTest:testAddNullListener
24,291,org.apache.commons.lang3.event.EventListenerSupportTest:testAddNullListener
25,302,org.apache.commons.lang3.event.EventListenerSupportTest:testAddNullListener
26,302,org.apache.commons.lang3.event.EventListenerSupportTest:testAddNullListener
0,143,org.apache.commons.lang3.event.EventListenerSupportTest:testGetListeners
1,143,org.apache.commons.lang3.event.EventListenerSupportTest:testGetListeners
2,144,org.apache.commons.lang3.event.EventListenerSupportTest:testGetListeners
3,144,org.apache.commons.lang3.event.EventListenerSupportTest:testGetListeners
4,145,org.apache.commons.lang3.event.EventListenerSupportTest:testGetListeners
5,145,org.apache.commons.lang3.event.EventListenerSupportTest:testGetListeners
6,145,org.apache.commons.lang3.event.EventListenerSupportTest:testGetListeners
7,182,org.apache.commons.lang3.event.EventListenerSupportTest:testGetListeners
8,197,org.apache.commons.lang3.event.EventListenerSupportTest:testGetListeners
9,197,org.apache.commons.lang3.event.EventListenerSupportTest:testGetListeners
10,198,org.apache.commons.lang3.event.EventListenerSupportTest:testGetListeners
11,198,org.apache.commons.lang3.event.EventListenerSupportTest:testGetListeners
12,198,org.apache.commons.lang3.event.EventListenerSupportTest:testGetListeners
13,198,org.apache.commons.lang3.event.EventListenerSupportTest:testGetListeners
14,198,org.apache.commons.lang3.event.EventListenerSupportTest:testGetListeners
15,198,org.apache.commons.lang3.event.EventListenerSupportTest:testGetListeners
19,223,org.apache.commons.lang3.event.EventListenerSupportTest:testGetListeners
20,223,org.apache.commons.lang3.event.EventListenerSupportTest:testGetListeners
24,291,org.apache.commons.lang3.event.EventListenerSupportTest:testGetListeners
25,302,org.apache.commons.lang3.event.EventListenerSupportTest:testGetListeners
26,302,org.apache.commons.lang3.event.EventListenerSupportTest:testGetListeners
0,143,org.apache.commons.lang3.event.EventListenerSupportTest:testCreateWithNonInterfaceParameter
1,143,org.apache.commons.lang3.event.EventListenerSupportTest:testCreateWithNonInterfaceParameter
2,144,org.apache.commons.lang3.event.EventListenerSupportTest:testCreateWithNonInterfaceParameter
3,144,org.apache.commons.lang3.event.EventListenerSupportTest:testCreateWithNonInterfaceParameter
4,145,org.apache.commons.lang3.event.EventListenerSupportTest:testCreateWithNonInterfaceParameter
5,145,org.apache.commons.lang3.event.EventListenerSupportTest:testCreateWithNonInterfaceParameter
6,145,org.apache.commons.lang3.event.EventListenerSupportTest:testCreateWithNonInterfaceParameter
24,291,org.apache.commons.lang3.event.EventListenerSupportTest:testCreateWithNonInterfaceParameter
25,302,org.apache.commons.lang3.event.EventListenerSupportTest:testCreateWithNonInterfaceParameter
26,302,org.apache.commons.lang3.event.EventListenerSupportTest:testCreateWithNonInterfaceParameter
0,143,org.apache.commons.lang3.event.EventListenerSupportTest:testEventDispatchOrder
1,143,org.apache.commons.lang3.event.EventListenerSupportTest:testEventDispatchOrder
2,144,org.apache.commons.lang3.event.EventListenerSupportTest:testEventDispatchOrder
3,144,org.apache.commons.lang3.event.EventListenerSupportTest:testEventDispatchOrder
4,145,org.apache.commons.lang3.event.EventListenerSupportTest:testEventDispatchOrder
5,145,org.apache.commons.lang3.event.EventListenerSupportTest:testEventDispatchOrder
6,145,org.apache.commons.lang3.event.EventListenerSupportTest:testEventDispatchOrder
7,182,org.apache.commons.lang3.event.EventListenerSupportTest:testEventDispatchOrder
8,197,org.apache.commons.lang3.event.EventListenerSupportTest:testEventDispatchOrder
9,197,org.apache.commons.lang3.event.EventListenerSupportTest:testEventDispatchOrder
10,198,org.apache.commons.lang3.event.EventListenerSupportTest:testEventDispatchOrder
11,198,org.apache.commons.lang3.event.EventListenerSupportTest:testEventDispatchOrder
12,198,org.apache.commons.lang3.event.EventListenerSupportTest:testEventDispatchOrder
13,198,org.apache.commons.lang3.event.EventListenerSupportTest:testEventDispatchOrder
14,198,org.apache.commons.lang3.event.EventListenerSupportTest:testEventDispatchOrder
15,198,org.apache.commons.lang3.event.EventListenerSupportTest:testEventDispatchOrder
24,291,org.apache.commons.lang3.event.EventListenerSupportTest:testEventDispatchOrder
25,302,org.apache.commons.lang3.event.EventListenerSupportTest:testEventDispatchOrder
26,302,org.apache.commons.lang3.event.EventListenerSupportTest:testEventDispatchOrder
0,143,org.apache.commons.lang3.event.EventListenerSupportTest:testCreateWithNullParameter
1,143,org.apache.commons.lang3.event.EventListenerSupportTest:testCreateWithNullParameter
2,144,org.apache.commons.lang3.event.EventListenerSupportTest:testCreateWithNullParameter
3,144,org.apache.commons.lang3.event.EventListenerSupportTest:testCreateWithNullParameter
4,145,org.apache.commons.lang3.event.EventListenerSupportTest:testCreateWithNullParameter
5,145,org.apache.commons.lang3.event.EventListenerSupportTest:testCreateWithNullParameter
6,145,org.apache.commons.lang3.event.EventListenerSupportTest:testCreateWithNullParameter
24,291,org.apache.commons.lang3.event.EventListenerSupportTest:testCreateWithNullParameter
25,302,org.apache.commons.lang3.event.EventListenerSupportTest:testCreateWithNullParameter
26,302,org.apache.commons.lang3.event.EventListenerSupportTest:testCreateWithNullParameter
0,143,org.apache.commons.lang3.event.EventListenerSupportTest:testSubclassInvocationHandling
1,143,org.apache.commons.lang3.event.EventListenerSupportTest:testSubclassInvocationHandling
2,144,org.apache.commons.lang3.event.EventListenerSupportTest:testSubclassInvocationHandling
3,144,org.apache.commons.lang3.event.EventListenerSupportTest:testSubclassInvocationHandling
4,145,org.apache.commons.lang3.event.EventListenerSupportTest:testSubclassInvocationHandling
5,145,org.apache.commons.lang3.event.EventListenerSupportTest:testSubclassInvocationHandling
6,145,org.apache.commons.lang3.event.EventListenerSupportTest:testSubclassInvocationHandling
7,182,org.apache.commons.lang3.event.EventListenerSupportTest:testSubclassInvocationHandling
8,197,org.apache.commons.lang3.event.EventListenerSupportTest:testSubclassInvocationHandling
9,197,org.apache.commons.lang3.event.EventListenerSupportTest:testSubclassInvocationHandling
10,198,org.apache.commons.lang3.event.EventListenerSupportTest:testSubclassInvocationHandling
11,198,org.apache.commons.lang3.event.EventListenerSupportTest:testSubclassInvocationHandling
12,198,org.apache.commons.lang3.event.EventListenerSupportTest:testSubclassInvocationHandling
13,198,org.apache.commons.lang3.event.EventListenerSupportTest:testSubclassInvocationHandling
14,198,org.apache.commons.lang3.event.EventListenerSupportTest:testSubclassInvocationHandling
15,198,org.apache.commons.lang3.event.EventListenerSupportTest:testSubclassInvocationHandling
24,291,org.apache.commons.lang3.event.EventListenerSupportTest:testSubclassInvocationHandling
25,302,org.apache.commons.lang3.event.EventListenerSupportTest:testSubclassInvocationHandling
26,302,org.apache.commons.lang3.event.EventListenerSupportTest:testSubclassInvocationHandling
0,143,org.apache.commons.lang3.ObjectUtilsTest:testNotEqual
1,143,org.apache.commons.lang3.ObjectUtilsTest:testNotEqual
2,144,org.apache.commons.lang3.ObjectUtilsTest:testNotEqual
3,144,org.apache.commons.lang3.ObjectUtilsTest:testNotEqual
4,145,org.apache.commons.lang3.ObjectUtilsTest:testNotEqual
5,145,org.apache.commons.lang3.ObjectUtilsTest:testNotEqual
6,145,org.apache.commons.lang3.ObjectUtilsTest:testNotEqual
24,291,org.apache.commons.lang3.ObjectUtilsTest:testNotEqual
25,302,org.apache.commons.lang3.ObjectUtilsTest:testNotEqual
26,302,org.apache.commons.lang3.ObjectUtilsTest:testNotEqual
