0,75,org.geotools.feature.ComplexFeatureBuilderTest:buildFeature_noLocationSet_throwsIllegalStateException
1,79,org.geotools.feature.ComplexFeatureBuilderTest:buildFeature_noLocationSet_throwsIllegalStateException
2,79,org.geotools.feature.ComplexFeatureBuilderTest:buildFeature_noLocationSet_throwsIllegalStateException
3,79,org.geotools.feature.ComplexFeatureBuilderTest:buildFeature_noLocationSet_throwsIllegalStateException
4,85,org.geotools.feature.ComplexFeatureBuilderTest:buildFeature_noLocationSet_throwsIllegalStateException
5,85,org.geotools.feature.ComplexFeatureBuilderTest:buildFeature_noLocationSet_throwsIllegalStateException
6,85,org.geotools.feature.ComplexFeatureBuilderTest:buildFeature_noLocationSet_throwsIllegalStateException
7,97,org.geotools.feature.ComplexFeatureBuilderTest:buildFeature_noLocationSet_throwsIllegalStateException
8,97,org.geotools.feature.ComplexFeatureBuilderTest:buildFeature_noLocationSet_throwsIllegalStateException
9,97,org.geotools.feature.ComplexFeatureBuilderTest:buildFeature_noLocationSet_throwsIllegalStateException
10,97,org.geotools.feature.ComplexFeatureBuilderTest:buildFeature_noLocationSet_throwsIllegalStateException
11,97,org.geotools.feature.ComplexFeatureBuilderTest:buildFeature_noLocationSet_throwsIllegalStateException
12,97,org.geotools.feature.ComplexFeatureBuilderTest:buildFeature_noLocationSet_throwsIllegalStateException
13,97,org.geotools.feature.ComplexFeatureBuilderTest:buildFeature_noLocationSet_throwsIllegalStateException
14,97,org.geotools.feature.ComplexFeatureBuilderTest:buildFeature_noLocationSet_throwsIllegalStateException
15,97,org.geotools.feature.ComplexFeatureBuilderTest:buildFeature_noLocationSet_throwsIllegalStateException
16,99,org.geotools.feature.ComplexFeatureBuilderTest:buildFeature_noLocationSet_throwsIllegalStateException
17,99,org.geotools.feature.ComplexFeatureBuilderTest:buildFeature_noLocationSet_throwsIllegalStateException
18,99,org.geotools.feature.ComplexFeatureBuilderTest:buildFeature_noLocationSet_throwsIllegalStateException
32,116,org.geotools.feature.ComplexFeatureBuilderTest:buildFeature_noLocationSet_throwsIllegalStateException
33,116,org.geotools.feature.ComplexFeatureBuilderTest:buildFeature_noLocationSet_throwsIllegalStateException
34,116,org.geotools.feature.ComplexFeatureBuilderTest:buildFeature_noLocationSet_throwsIllegalStateException
35,116,org.geotools.feature.ComplexFeatureBuilderTest:buildFeature_noLocationSet_throwsIllegalStateException
36,116,org.geotools.feature.ComplexFeatureBuilderTest:buildFeature_noLocationSet_throwsIllegalStateException
37,116,org.geotools.feature.ComplexFeatureBuilderTest:buildFeature_noLocationSet_throwsIllegalStateException
38,116,org.geotools.feature.ComplexFeatureBuilderTest:buildFeature_noLocationSet_throwsIllegalStateException
39,119,org.geotools.feature.ComplexFeatureBuilderTest:buildFeature_noLocationSet_throwsIllegalStateException
40,119,org.geotools.feature.ComplexFeatureBuilderTest:buildFeature_noLocationSet_throwsIllegalStateException
41,119,org.geotools.feature.ComplexFeatureBuilderTest:buildFeature_noLocationSet_throwsIllegalStateException
42,119,org.geotools.feature.ComplexFeatureBuilderTest:buildFeature_noLocationSet_throwsIllegalStateException
43,119,org.geotools.feature.ComplexFeatureBuilderTest:buildFeature_noLocationSet_throwsIllegalStateException
44,119,org.geotools.feature.ComplexFeatureBuilderTest:buildFeature_noLocationSet_throwsIllegalStateException
45,119,org.geotools.feature.ComplexFeatureBuilderTest:buildFeature_noLocationSet_throwsIllegalStateException
46,119,org.geotools.feature.ComplexFeatureBuilderTest:buildFeature_noLocationSet_throwsIllegalStateException
47,119,org.geotools.feature.ComplexFeatureBuilderTest:buildFeature_noLocationSet_throwsIllegalStateException
48,119,org.geotools.feature.ComplexFeatureBuilderTest:buildFeature_noLocationSet_throwsIllegalStateException
49,119,org.geotools.feature.ComplexFeatureBuilderTest:buildFeature_noLocationSet_throwsIllegalStateException
50,119,org.geotools.feature.ComplexFeatureBuilderTest:buildFeature_noLocationSet_throwsIllegalStateException
51,119,org.geotools.feature.ComplexFeatureBuilderTest:buildFeature_noLocationSet_throwsIllegalStateException
52,119,org.geotools.feature.ComplexFeatureBuilderTest:buildFeature_noLocationSet_throwsIllegalStateException
53,119,org.geotools.feature.ComplexFeatureBuilderTest:buildFeature_noLocationSet_throwsIllegalStateException
54,119,org.geotools.feature.ComplexFeatureBuilderTest:buildFeature_noLocationSet_throwsIllegalStateException
0,75,org.geotools.feature.ComplexFeatureBuilderTest:append_invalidName_throwsIllegalArgumentException
1,79,org.geotools.feature.ComplexFeatureBuilderTest:append_invalidName_throwsIllegalArgumentException
2,79,org.geotools.feature.ComplexFeatureBuilderTest:append_invalidName_throwsIllegalArgumentException
3,79,org.geotools.feature.ComplexFeatureBuilderTest:append_invalidName_throwsIllegalArgumentException
4,85,org.geotools.feature.ComplexFeatureBuilderTest:append_invalidName_throwsIllegalArgumentException
5,85,org.geotools.feature.ComplexFeatureBuilderTest:append_invalidName_throwsIllegalArgumentException
6,85,org.geotools.feature.ComplexFeatureBuilderTest:append_invalidName_throwsIllegalArgumentException
7,97,org.geotools.feature.ComplexFeatureBuilderTest:append_invalidName_throwsIllegalArgumentException
8,97,org.geotools.feature.ComplexFeatureBuilderTest:append_invalidName_throwsIllegalArgumentException
9,97,org.geotools.feature.ComplexFeatureBuilderTest:append_invalidName_throwsIllegalArgumentException
10,97,org.geotools.feature.ComplexFeatureBuilderTest:append_invalidName_throwsIllegalArgumentException
11,97,org.geotools.feature.ComplexFeatureBuilderTest:append_invalidName_throwsIllegalArgumentException
12,97,org.geotools.feature.ComplexFeatureBuilderTest:append_invalidName_throwsIllegalArgumentException
13,97,org.geotools.feature.ComplexFeatureBuilderTest:append_invalidName_throwsIllegalArgumentException
14,97,org.geotools.feature.ComplexFeatureBuilderTest:append_invalidName_throwsIllegalArgumentException
15,97,org.geotools.feature.ComplexFeatureBuilderTest:append_invalidName_throwsIllegalArgumentException
16,99,org.geotools.feature.ComplexFeatureBuilderTest:append_invalidName_throwsIllegalArgumentException
17,99,org.geotools.feature.ComplexFeatureBuilderTest:append_invalidName_throwsIllegalArgumentException
18,99,org.geotools.feature.ComplexFeatureBuilderTest:append_invalidName_throwsIllegalArgumentException
32,116,org.geotools.feature.ComplexFeatureBuilderTest:append_invalidName_throwsIllegalArgumentException
33,116,org.geotools.feature.ComplexFeatureBuilderTest:append_invalidName_throwsIllegalArgumentException
34,116,org.geotools.feature.ComplexFeatureBuilderTest:append_invalidName_throwsIllegalArgumentException
35,116,org.geotools.feature.ComplexFeatureBuilderTest:append_invalidName_throwsIllegalArgumentException
36,116,org.geotools.feature.ComplexFeatureBuilderTest:append_invalidName_throwsIllegalArgumentException
37,116,org.geotools.feature.ComplexFeatureBuilderTest:append_invalidName_throwsIllegalArgumentException
38,116,org.geotools.feature.ComplexFeatureBuilderTest:append_invalidName_throwsIllegalArgumentException
39,119,org.geotools.feature.ComplexFeatureBuilderTest:append_invalidName_throwsIllegalArgumentException
40,119,org.geotools.feature.ComplexFeatureBuilderTest:append_invalidName_throwsIllegalArgumentException
41,119,org.geotools.feature.ComplexFeatureBuilderTest:append_invalidName_throwsIllegalArgumentException
42,119,org.geotools.feature.ComplexFeatureBuilderTest:append_invalidName_throwsIllegalArgumentException
43,119,org.geotools.feature.ComplexFeatureBuilderTest:append_invalidName_throwsIllegalArgumentException
44,119,org.geotools.feature.ComplexFeatureBuilderTest:append_invalidName_throwsIllegalArgumentException
45,119,org.geotools.feature.ComplexFeatureBuilderTest:append_invalidName_throwsIllegalArgumentException
46,119,org.geotools.feature.ComplexFeatureBuilderTest:append_invalidName_throwsIllegalArgumentException
47,119,org.geotools.feature.ComplexFeatureBuilderTest:append_invalidName_throwsIllegalArgumentException
48,119,org.geotools.feature.ComplexFeatureBuilderTest:append_invalidName_throwsIllegalArgumentException
49,119,org.geotools.feature.ComplexFeatureBuilderTest:append_invalidName_throwsIllegalArgumentException
50,119,org.geotools.feature.ComplexFeatureBuilderTest:append_invalidName_throwsIllegalArgumentException
51,119,org.geotools.feature.ComplexFeatureBuilderTest:append_invalidName_throwsIllegalArgumentException
52,119,org.geotools.feature.ComplexFeatureBuilderTest:append_invalidName_throwsIllegalArgumentException
53,119,org.geotools.feature.ComplexFeatureBuilderTest:append_invalidName_throwsIllegalArgumentException
54,119,org.geotools.feature.ComplexFeatureBuilderTest:append_invalidName_throwsIllegalArgumentException
59,153,org.geotools.feature.ComplexFeatureBuilderTest:append_invalidName_throwsIllegalArgumentException
60,154,org.geotools.feature.ComplexFeatureBuilderTest:append_invalidName_throwsIllegalArgumentException
61,154,org.geotools.feature.ComplexFeatureBuilderTest:append_invalidName_throwsIllegalArgumentException
62,154,org.geotools.feature.ComplexFeatureBuilderTest:append_invalidName_throwsIllegalArgumentException
63,154,org.geotools.feature.ComplexFeatureBuilderTest:append_invalidName_throwsIllegalArgumentException
64,154,org.geotools.feature.ComplexFeatureBuilderTest:append_invalidName_throwsIllegalArgumentException
65,154,org.geotools.feature.ComplexFeatureBuilderTest:append_invalidName_throwsIllegalArgumentException
66,154,org.geotools.feature.ComplexFeatureBuilderTest:append_invalidName_throwsIllegalArgumentException
64,154,org.geotools.feature.ComplexFeatureBuilderTest:append_exceedMaxOccursLimit_throwsIndexOutOfBoundsException
65,154,org.geotools.feature.ComplexFeatureBuilderTest:append_exceedMaxOccursLimit_throwsIndexOutOfBoundsException
66,154,org.geotools.feature.ComplexFeatureBuilderTest:append_exceedMaxOccursLimit_throwsIndexOutOfBoundsException
67,161,org.geotools.feature.ComplexFeatureBuilderTest:append_exceedMaxOccursLimit_throwsIndexOutOfBoundsException
68,166,org.geotools.feature.ComplexFeatureBuilderTest:append_exceedMaxOccursLimit_throwsIndexOutOfBoundsException
69,166,org.geotools.feature.ComplexFeatureBuilderTest:append_exceedMaxOccursLimit_throwsIndexOutOfBoundsException
70,166,org.geotools.feature.ComplexFeatureBuilderTest:append_exceedMaxOccursLimit_throwsIndexOutOfBoundsException
84,187,org.geotools.feature.ComplexFeatureBuilderTest:append_exceedMaxOccursLimit_throwsIndexOutOfBoundsException
85,187,org.geotools.feature.ComplexFeatureBuilderTest:append_exceedMaxOccursLimit_throwsIndexOutOfBoundsException
86,187,org.geotools.feature.ComplexFeatureBuilderTest:append_exceedMaxOccursLimit_throwsIndexOutOfBoundsException
87,192,org.geotools.feature.ComplexFeatureBuilderTest:append_exceedMaxOccursLimit_throwsIndexOutOfBoundsException
88,192,org.geotools.feature.ComplexFeatureBuilderTest:append_exceedMaxOccursLimit_throwsIndexOutOfBoundsException
89,192,org.geotools.feature.ComplexFeatureBuilderTest:append_exceedMaxOccursLimit_throwsIndexOutOfBoundsException
90,192,org.geotools.feature.ComplexFeatureBuilderTest:append_exceedMaxOccursLimit_throwsIndexOutOfBoundsException
91,192,org.geotools.feature.ComplexFeatureBuilderTest:append_exceedMaxOccursLimit_throwsIndexOutOfBoundsException
92,192,org.geotools.feature.ComplexFeatureBuilderTest:append_exceedMaxOccursLimit_throwsIndexOutOfBoundsException
93,193,org.geotools.feature.ComplexFeatureBuilderTest:append_exceedMaxOccursLimit_throwsIndexOutOfBoundsException
94,193,org.geotools.feature.ComplexFeatureBuilderTest:append_exceedMaxOccursLimit_throwsIndexOutOfBoundsException
95,193,org.geotools.feature.ComplexFeatureBuilderTest:append_exceedMaxOccursLimit_throwsIndexOutOfBoundsException
96,193,org.geotools.feature.ComplexFeatureBuilderTest:append_exceedMaxOccursLimit_throwsIndexOutOfBoundsException
97,193,org.geotools.feature.ComplexFeatureBuilderTest:append_exceedMaxOccursLimit_throwsIndexOutOfBoundsException
98,193,org.geotools.feature.ComplexFeatureBuilderTest:append_exceedMaxOccursLimit_throwsIndexOutOfBoundsException
99,193,org.geotools.feature.ComplexFeatureBuilderTest:append_exceedMaxOccursLimit_throwsIndexOutOfBoundsException
100,193,org.geotools.feature.ComplexFeatureBuilderTest:append_exceedMaxOccursLimit_throwsIndexOutOfBoundsException
101,193,org.geotools.feature.ComplexFeatureBuilderTest:append_exceedMaxOccursLimit_throwsIndexOutOfBoundsException
102,193,org.geotools.feature.ComplexFeatureBuilderTest:append_exceedMaxOccursLimit_throwsIndexOutOfBoundsException
59,153,org.geotools.feature.ComplexFeatureBuilderTest:append_exceedMaxOccursLimit_throwsIndexOutOfBoundsException
60,154,org.geotools.feature.ComplexFeatureBuilderTest:append_exceedMaxOccursLimit_throwsIndexOutOfBoundsException
61,154,org.geotools.feature.ComplexFeatureBuilderTest:append_exceedMaxOccursLimit_throwsIndexOutOfBoundsException
62,154,org.geotools.feature.ComplexFeatureBuilderTest:append_exceedMaxOccursLimit_throwsIndexOutOfBoundsException
63,154,org.geotools.feature.ComplexFeatureBuilderTest:append_exceedMaxOccursLimit_throwsIndexOutOfBoundsException
67,161,org.geotools.feature.ComplexFeatureBuilderTest:append_validNameInvalidValueClass_throwsIllegalArgumentException
68,166,org.geotools.feature.ComplexFeatureBuilderTest:append_validNameInvalidValueClass_throwsIllegalArgumentException
69,166,org.geotools.feature.ComplexFeatureBuilderTest:append_validNameInvalidValueClass_throwsIllegalArgumentException
70,166,org.geotools.feature.ComplexFeatureBuilderTest:append_validNameInvalidValueClass_throwsIllegalArgumentException
71,167,org.geotools.feature.ComplexFeatureBuilderTest:append_validNameInvalidValueClass_throwsIllegalArgumentException
72,167,org.geotools.feature.ComplexFeatureBuilderTest:append_validNameInvalidValueClass_throwsIllegalArgumentException
73,167,org.geotools.feature.ComplexFeatureBuilderTest:append_validNameInvalidValueClass_throwsIllegalArgumentException
74,168,org.geotools.feature.ComplexFeatureBuilderTest:append_validNameInvalidValueClass_throwsIllegalArgumentException
75,168,org.geotools.feature.ComplexFeatureBuilderTest:append_validNameInvalidValueClass_throwsIllegalArgumentException
76,168,org.geotools.feature.ComplexFeatureBuilderTest:append_validNameInvalidValueClass_throwsIllegalArgumentException
77,168,org.geotools.feature.ComplexFeatureBuilderTest:append_validNameInvalidValueClass_throwsIllegalArgumentException
78,168,org.geotools.feature.ComplexFeatureBuilderTest:append_validNameInvalidValueClass_throwsIllegalArgumentException
79,168,org.geotools.feature.ComplexFeatureBuilderTest:append_validNameInvalidValueClass_throwsIllegalArgumentException
80,168,org.geotools.feature.ComplexFeatureBuilderTest:append_validNameInvalidValueClass_throwsIllegalArgumentException
84,187,org.geotools.feature.ComplexFeatureBuilderTest:append_validNameInvalidValueClass_throwsIllegalArgumentException
85,187,org.geotools.feature.ComplexFeatureBuilderTest:append_validNameInvalidValueClass_throwsIllegalArgumentException
86,187,org.geotools.feature.ComplexFeatureBuilderTest:append_validNameInvalidValueClass_throwsIllegalArgumentException
87,192,org.geotools.feature.ComplexFeatureBuilderTest:append_validNameInvalidValueClass_throwsIllegalArgumentException
88,192,org.geotools.feature.ComplexFeatureBuilderTest:append_validNameInvalidValueClass_throwsIllegalArgumentException
89,192,org.geotools.feature.ComplexFeatureBuilderTest:append_validNameInvalidValueClass_throwsIllegalArgumentException
90,192,org.geotools.feature.ComplexFeatureBuilderTest:append_validNameInvalidValueClass_throwsIllegalArgumentException
91,192,org.geotools.feature.ComplexFeatureBuilderTest:append_validNameInvalidValueClass_throwsIllegalArgumentException
92,192,org.geotools.feature.ComplexFeatureBuilderTest:append_validNameInvalidValueClass_throwsIllegalArgumentException
93,193,org.geotools.feature.ComplexFeatureBuilderTest:append_validNameInvalidValueClass_throwsIllegalArgumentException
94,193,org.geotools.feature.ComplexFeatureBuilderTest:append_validNameInvalidValueClass_throwsIllegalArgumentException
95,193,org.geotools.feature.ComplexFeatureBuilderTest:append_validNameInvalidValueClass_throwsIllegalArgumentException
96,193,org.geotools.feature.ComplexFeatureBuilderTest:append_validNameInvalidValueClass_throwsIllegalArgumentException
97,193,org.geotools.feature.ComplexFeatureBuilderTest:append_validNameInvalidValueClass_throwsIllegalArgumentException
98,193,org.geotools.feature.ComplexFeatureBuilderTest:append_validNameInvalidValueClass_throwsIllegalArgumentException
99,193,org.geotools.feature.ComplexFeatureBuilderTest:append_validNameInvalidValueClass_throwsIllegalArgumentException
100,193,org.geotools.feature.ComplexFeatureBuilderTest:append_validNameInvalidValueClass_throwsIllegalArgumentException
101,193,org.geotools.feature.ComplexFeatureBuilderTest:append_validNameInvalidValueClass_throwsIllegalArgumentException
102,193,org.geotools.feature.ComplexFeatureBuilderTest:append_validNameInvalidValueClass_throwsIllegalArgumentException
59,153,org.geotools.feature.ComplexFeatureBuilderTest:append_validNameInvalidValueClass_throwsIllegalArgumentException
64,154,org.geotools.feature.ComplexFeatureBuilderTest:build_typeIsMineTypeAndAddedDataIsValid_buildsFeature
0,75,org.geotools.feature.ComplexFeatureBuilderTest:build_typeIsMineTypeAndAddedDataIsValid_buildsFeature
65,154,org.geotools.feature.ComplexFeatureBuilderTest:build_typeIsMineTypeAndAddedDataIsValid_buildsFeature
1,79,org.geotools.feature.ComplexFeatureBuilderTest:build_typeIsMineTypeAndAddedDataIsValid_buildsFeature
66,154,org.geotools.feature.ComplexFeatureBuilderTest:build_typeIsMineTypeAndAddedDataIsValid_buildsFeature
2,79,org.geotools.feature.ComplexFeatureBuilderTest:build_typeIsMineTypeAndAddedDataIsValid_buildsFeature
67,161,org.geotools.feature.ComplexFeatureBuilderTest:build_typeIsMineTypeAndAddedDataIsValid_buildsFeature
3,79,org.geotools.feature.ComplexFeatureBuilderTest:build_typeIsMineTypeAndAddedDataIsValid_buildsFeature
68,166,org.geotools.feature.ComplexFeatureBuilderTest:build_typeIsMineTypeAndAddedDataIsValid_buildsFeature
4,85,org.geotools.feature.ComplexFeatureBuilderTest:build_typeIsMineTypeAndAddedDataIsValid_buildsFeature
69,166,org.geotools.feature.ComplexFeatureBuilderTest:build_typeIsMineTypeAndAddedDataIsValid_buildsFeature
5,85,org.geotools.feature.ComplexFeatureBuilderTest:build_typeIsMineTypeAndAddedDataIsValid_buildsFeature
70,166,org.geotools.feature.ComplexFeatureBuilderTest:build_typeIsMineTypeAndAddedDataIsValid_buildsFeature
6,85,org.geotools.feature.ComplexFeatureBuilderTest:build_typeIsMineTypeAndAddedDataIsValid_buildsFeature
7,97,org.geotools.feature.ComplexFeatureBuilderTest:build_typeIsMineTypeAndAddedDataIsValid_buildsFeature
8,97,org.geotools.feature.ComplexFeatureBuilderTest:build_typeIsMineTypeAndAddedDataIsValid_buildsFeature
9,97,org.geotools.feature.ComplexFeatureBuilderTest:build_typeIsMineTypeAndAddedDataIsValid_buildsFeature
10,97,org.geotools.feature.ComplexFeatureBuilderTest:build_typeIsMineTypeAndAddedDataIsValid_buildsFeature
11,97,org.geotools.feature.ComplexFeatureBuilderTest:build_typeIsMineTypeAndAddedDataIsValid_buildsFeature
12,97,org.geotools.feature.ComplexFeatureBuilderTest:build_typeIsMineTypeAndAddedDataIsValid_buildsFeature
13,97,org.geotools.feature.ComplexFeatureBuilderTest:build_typeIsMineTypeAndAddedDataIsValid_buildsFeature
14,97,org.geotools.feature.ComplexFeatureBuilderTest:build_typeIsMineTypeAndAddedDataIsValid_buildsFeature
15,97,org.geotools.feature.ComplexFeatureBuilderTest:build_typeIsMineTypeAndAddedDataIsValid_buildsFeature
84,187,org.geotools.feature.ComplexFeatureBuilderTest:build_typeIsMineTypeAndAddedDataIsValid_buildsFeature
85,187,org.geotools.feature.ComplexFeatureBuilderTest:build_typeIsMineTypeAndAddedDataIsValid_buildsFeature
86,187,org.geotools.feature.ComplexFeatureBuilderTest:build_typeIsMineTypeAndAddedDataIsValid_buildsFeature
55,128,org.geotools.feature.ComplexFeatureBuilderTest:build_typeIsMineTypeAndAddedDataIsValid_buildsFeature
56,128,org.geotools.feature.ComplexFeatureBuilderTest:build_typeIsMineTypeAndAddedDataIsValid_buildsFeature
57,128,org.geotools.feature.ComplexFeatureBuilderTest:build_typeIsMineTypeAndAddedDataIsValid_buildsFeature
58,133,org.geotools.feature.ComplexFeatureBuilderTest:build_typeIsMineTypeAndAddedDataIsValid_buildsFeature
59,153,org.geotools.feature.ComplexFeatureBuilderTest:build_typeIsMineTypeAndAddedDataIsValid_buildsFeature
60,154,org.geotools.feature.ComplexFeatureBuilderTest:build_typeIsMineTypeAndAddedDataIsValid_buildsFeature
61,154,org.geotools.feature.ComplexFeatureBuilderTest:build_typeIsMineTypeAndAddedDataIsValid_buildsFeature
62,154,org.geotools.feature.ComplexFeatureBuilderTest:build_typeIsMineTypeAndAddedDataIsValid_buildsFeature
63,154,org.geotools.feature.ComplexFeatureBuilderTest:build_typeIsMineTypeAndAddedDataIsValid_buildsFeature
0,75,org.geotools.feature.ComplexFeatureBuilderTest:append_validNameValidValue_valueShouldBeAddedToTheMap
1,79,org.geotools.feature.ComplexFeatureBuilderTest:append_validNameValidValue_valueShouldBeAddedToTheMap
2,79,org.geotools.feature.ComplexFeatureBuilderTest:append_validNameValidValue_valueShouldBeAddedToTheMap
67,161,org.geotools.feature.ComplexFeatureBuilderTest:append_validNameValidValue_valueShouldBeAddedToTheMap
3,79,org.geotools.feature.ComplexFeatureBuilderTest:append_validNameValidValue_valueShouldBeAddedToTheMap
68,166,org.geotools.feature.ComplexFeatureBuilderTest:append_validNameValidValue_valueShouldBeAddedToTheMap
4,85,org.geotools.feature.ComplexFeatureBuilderTest:append_validNameValidValue_valueShouldBeAddedToTheMap
69,166,org.geotools.feature.ComplexFeatureBuilderTest:append_validNameValidValue_valueShouldBeAddedToTheMap
5,85,org.geotools.feature.ComplexFeatureBuilderTest:append_validNameValidValue_valueShouldBeAddedToTheMap
70,166,org.geotools.feature.ComplexFeatureBuilderTest:append_validNameValidValue_valueShouldBeAddedToTheMap
6,85,org.geotools.feature.ComplexFeatureBuilderTest:append_validNameValidValue_valueShouldBeAddedToTheMap
7,97,org.geotools.feature.ComplexFeatureBuilderTest:append_validNameValidValue_valueShouldBeAddedToTheMap
8,97,org.geotools.feature.ComplexFeatureBuilderTest:append_validNameValidValue_valueShouldBeAddedToTheMap
9,97,org.geotools.feature.ComplexFeatureBuilderTest:append_validNameValidValue_valueShouldBeAddedToTheMap
10,97,org.geotools.feature.ComplexFeatureBuilderTest:append_validNameValidValue_valueShouldBeAddedToTheMap
11,97,org.geotools.feature.ComplexFeatureBuilderTest:append_validNameValidValue_valueShouldBeAddedToTheMap
12,97,org.geotools.feature.ComplexFeatureBuilderTest:append_validNameValidValue_valueShouldBeAddedToTheMap
13,97,org.geotools.feature.ComplexFeatureBuilderTest:append_validNameValidValue_valueShouldBeAddedToTheMap
14,97,org.geotools.feature.ComplexFeatureBuilderTest:append_validNameValidValue_valueShouldBeAddedToTheMap
15,97,org.geotools.feature.ComplexFeatureBuilderTest:append_validNameValidValue_valueShouldBeAddedToTheMap
84,187,org.geotools.feature.ComplexFeatureBuilderTest:append_validNameValidValue_valueShouldBeAddedToTheMap
85,187,org.geotools.feature.ComplexFeatureBuilderTest:append_validNameValidValue_valueShouldBeAddedToTheMap
86,187,org.geotools.feature.ComplexFeatureBuilderTest:append_validNameValidValue_valueShouldBeAddedToTheMap
55,128,org.geotools.feature.ComplexFeatureBuilderTest:append_validNameValidValue_valueShouldBeAddedToTheMap
56,128,org.geotools.feature.ComplexFeatureBuilderTest:append_validNameValidValue_valueShouldBeAddedToTheMap
57,128,org.geotools.feature.ComplexFeatureBuilderTest:append_validNameValidValue_valueShouldBeAddedToTheMap
58,133,org.geotools.feature.ComplexFeatureBuilderTest:append_validNameValidValue_valueShouldBeAddedToTheMap
59,153,org.geotools.feature.ComplexFeatureBuilderTest:append_validNameValidValue_valueShouldBeAddedToTheMap
64,154,org.geotools.filter.function.InterpolateFunctionTest:testCubicNumericInterpolation
65,154,org.geotools.filter.function.InterpolateFunctionTest:testCubicNumericInterpolation
66,154,org.geotools.filter.function.InterpolateFunctionTest:testCubicNumericInterpolation
59,153,org.geotools.filter.function.InterpolateFunctionTest:testCubicNumericInterpolation
60,154,org.geotools.filter.function.InterpolateFunctionTest:testCubicNumericInterpolation
61,154,org.geotools.filter.function.InterpolateFunctionTest:testCubicNumericInterpolation
62,154,org.geotools.filter.function.InterpolateFunctionTest:testCubicNumericInterpolation
63,154,org.geotools.filter.function.InterpolateFunctionTest:testCubicNumericInterpolation
